==14015== NVPROF is profiling process 14015, command: ./eigenvalues
==14015== Some kernel(s) will be replayed on device 0 in order to collect all events/metrics.
==14015== Profiling application: ./eigenvalues
==14015== Profiling result:
==14015== Metric result:
"Device","Kernel","Invocations","Metric Name","Metric Description","Min","Max","Avg"
"GeForce GTX 950 (0)","bisectKernelLarge_MultIntervals(float*, float*, unsigned int, unsigned int*, unsigned int*, float*, float*, unsigned int*, unsigned int*, float*, unsigned int*, float)",100,"sm_efficiency","Multiprocessor Activity",81.093873%,81.679377%,81.419361%
"GeForce GTX 950 (0)","bisectKernelLarge_MultIntervals(float*, float*, unsigned int, unsigned int*, unsigned int*, float*, float*, unsigned int*, unsigned int*, float*, unsigned int*, float)",100,"achieved_occupancy","Achieved Occupancy",0.214170,0.214515,0.214342
"GeForce GTX 950 (0)","bisectKernelLarge_MultIntervals(float*, float*, unsigned int, unsigned int*, unsigned int*, float*, float*, unsigned int*, unsigned int*, float*, unsigned int*, float)",100,"ipc","Executed IPC",1.381091,1.385011,1.383132
"GeForce GTX 950 (0)","bisectKernelLarge_MultIntervals(float*, float*, unsigned int, unsigned int*, unsigned int*, float*, float*, unsigned int*, unsigned int*, float*, unsigned int*, float)",100,"issued_ipc","Issued IPC",1.381350,1.384900,1.383193
"GeForce GTX 950 (0)","bisectKernelLarge_MultIntervals(float*, float*, unsigned int, unsigned int*, unsigned int*, float*, float*, unsigned int*, unsigned int*, float*, unsigned int*, float)",100,"inst_per_warp","Instructions per warp",794667.215909,794667.215909,794667.215909
"GeForce GTX 950 (0)","bisectKernelLarge_MultIntervals(float*, float*, unsigned int, unsigned int*, unsigned int*, float*, float*, unsigned int*, unsigned int*, float*, unsigned int*, float)",100,"branch_efficiency","Branch Efficiency",99.970551%,99.970551%,99.970551%
"GeForce GTX 950 (0)","bisectKernelLarge_MultIntervals(float*, float*, unsigned int, unsigned int*, unsigned int*, float*, float*, unsigned int*, unsigned int*, float*, unsigned int*, float)",100,"warp_execution_efficiency","Warp Execution Efficiency",91.245194%,91.245194%,91.245194%
"GeForce GTX 950 (0)","bisectKernelLarge_MultIntervals(float*, float*, unsigned int, unsigned int*, unsigned int*, float*, float*, unsigned int*, unsigned int*, float*, unsigned int*, float)",100,"warp_nonpred_execution_efficiency","Warp Non-Predicated Execution Efficiency",88.679416%,88.679417%,88.679417%
"GeForce GTX 950 (0)","bisectKernelLarge_MultIntervals(float*, float*, unsigned int, unsigned int*, unsigned int*, float*, float*, unsigned int*, unsigned int*, float*, unsigned int*, float)",100,"inst_replay_overhead","Instruction Replay Overhead",0.000003,0.000003,0.000003
"GeForce GTX 950 (0)","bisectKernelLarge_MultIntervals(float*, float*, unsigned int, unsigned int*, unsigned int*, float*, float*, unsigned int*, unsigned int*, float*, unsigned int*, float)",100,"issue_slot_utilization","Issue Slot Utilization",28.798058%,28.872067%,28.836479%
"GeForce GTX 950 (0)","bisectKernelLarge_MultIntervals(float*, float*, unsigned int, unsigned int*, unsigned int*, float*, float*, unsigned int*, unsigned int*, float*, unsigned int*, float)",100,"shared_load_transactions_per_request","Shared Memory Load Transactions Per Request",1.002439,1.002439,1.002439
"GeForce GTX 950 (0)","bisectKernelLarge_MultIntervals(float*, float*, unsigned int, unsigned int*, unsigned int*, float*, float*, unsigned int*, unsigned int*, float*, unsigned int*, float)",100,"shared_store_transactions_per_request","Shared Memory Store Transactions Per Request",1.111699,1.111699,1.111699
"GeForce GTX 950 (0)","bisectKernelLarge_MultIntervals(float*, float*, unsigned int, unsigned int*, unsigned int*, float*, float*, unsigned int*, unsigned int*, float*, unsigned int*, float)",100,"local_load_transactions_per_request","Local Memory Load Transactions Per Request",0.000000,0.000000,0.000000
"GeForce GTX 950 (0)","bisectKernelLarge_MultIntervals(float*, float*, unsigned int, unsigned int*, unsigned int*, float*, float*, unsigned int*, unsigned int*, float*, unsigned int*, float)",100,"local_store_transactions_per_request","Local Memory Store Transactions Per Request",0.000000,0.000000,0.000000
"GeForce GTX 950 (0)","bisectKernelLarge_MultIntervals(float*, float*, unsigned int, unsigned int*, unsigned int*, float*, float*, unsigned int*, unsigned int*, float*, unsigned int*, float)",100,"gld_transactions_per_request","Global Load Transactions Per Request",7.991565,7.991565,7.991565
"GeForce GTX 950 (0)","bisectKernelLarge_MultIntervals(float*, float*, unsigned int, unsigned int*, unsigned int*, float*, float*, unsigned int*, unsigned int*, float*, unsigned int*, float)",100,"gst_transactions_per_request","Global Store Transactions Per Request",4.478261,4.478261,4.478261
"GeForce GTX 950 (0)","bisectKernelLarge_MultIntervals(float*, float*, unsigned int, unsigned int*, unsigned int*, float*, float*, unsigned int*, unsigned int*, float*, unsigned int*, float)",100,"shared_store_transactions","Shared Store Transactions",47066,47066,47066
"GeForce GTX 950 (0)","bisectKernelLarge_MultIntervals(float*, float*, unsigned int, unsigned int*, unsigned int*, float*, float*, unsigned int*, unsigned int*, float*, unsigned int*, float)",100,"shared_load_transactions","Shared Load Transactions",3877585,3877585,3877585
"GeForce GTX 950 (0)","bisectKernelLarge_MultIntervals(float*, float*, unsigned int, unsigned int*, unsigned int*, float*, float*, unsigned int*, unsigned int*, float*, unsigned int*, float)",100,"local_load_transactions","Local Load Transactions",0,0,0
"GeForce GTX 950 (0)","bisectKernelLarge_MultIntervals(float*, float*, unsigned int, unsigned int*, unsigned int*, float*, float*, unsigned int*, unsigned int*, float*, unsigned int*, float)",100,"local_store_transactions","Local Store Transactions",0,0,0
"GeForce GTX 950 (0)","bisectKernelLarge_MultIntervals(float*, float*, unsigned int, unsigned int*, unsigned int*, float*, float*, unsigned int*, unsigned int*, float*, unsigned int*, float)",100,"gld_transactions","Global Load Transactions",184741,184741,184741
"GeForce GTX 950 (0)","bisectKernelLarge_MultIntervals(float*, float*, unsigned int, unsigned int*, unsigned int*, float*, float*, unsigned int*, unsigned int*, float*, unsigned int*, float)",100,"gst_transactions","Global Store Transactions",618,618,618
"GeForce GTX 950 (0)","bisectKernelLarge_MultIntervals(float*, float*, unsigned int, unsigned int*, unsigned int*, float*, float*, unsigned int*, unsigned int*, float*, unsigned int*, float)",100,"dram_read_transactions","Device Memory Read Transactions",0,124,4
"GeForce GTX 950 (0)","bisectKernelLarge_MultIntervals(float*, float*, unsigned int, unsigned int*, unsigned int*, float*, float*, unsigned int*, unsigned int*, float*, unsigned int*, float)",100,"dram_write_transactions","Device Memory Write Transactions",30,82,46
"GeForce GTX 950 (0)","bisectKernelLarge_MultIntervals(float*, float*, unsigned int, unsigned int*, unsigned int*, float*, float*, unsigned int*, unsigned int*, float*, unsigned int*, float)",100,"global_hit_rate","Global Hit Rate",49.989986%,49.989986%,49.989986%
"GeForce GTX 950 (0)","bisectKernelLarge_MultIntervals(float*, float*, unsigned int, unsigned int*, unsigned int*, float*, float*, unsigned int*, unsigned int*, float*, unsigned int*, float)",100,"local_hit_rate","Local Hit Rate",0.000000%,0.000000%,0.000000%
"GeForce GTX 950 (0)","bisectKernelLarge_MultIntervals(float*, float*, unsigned int, unsigned int*, unsigned int*, float*, float*, unsigned int*, unsigned int*, float*, unsigned int*, float)",100,"gld_requested_throughput","Requested Global Load Throughput",394.780204MB/s,397.297485MB/s,394.821167MB/s
"GeForce GTX 950 (0)","bisectKernelLarge_MultIntervals(float*, float*, unsigned int, unsigned int*, unsigned int*, float*, float*, unsigned int*, unsigned int*, float*, unsigned int*, float)",100,"gst_requested_throughput","Requested Global Store Throughput",2.155092MB/s,2.168834MB/s,1.907349MB/s
"GeForce GTX 950 (0)","bisectKernelLarge_MultIntervals(float*, float*, unsigned int, unsigned int*, unsigned int*, float*, float*, unsigned int*, unsigned int*, float*, unsigned int*, float)",100,"gld_throughput","Global Load Throughput",395.053332MB/s,397.572355MB/s,394.821167MB/s
"GeForce GTX 950 (0)","bisectKernelLarge_MultIntervals(float*, float*, unsigned int, unsigned int*, unsigned int*, float*, float*, unsigned int*, unsigned int*, float*, unsigned int*, float)",100,"gst_throughput","Global Store Throughput",2.642554MB/s,2.659404MB/s,1.907349MB/s
"GeForce GTX 950 (0)","bisectKernelLarge_MultIntervals(float*, float*, unsigned int, unsigned int*, unsigned int*, float*, float*, unsigned int*, unsigned int*, float*, unsigned int*, float)",100,"dram_read_throughput","Device Memory Read Throughput",0.000000B/s,545.564453KB/s,0.000000B/s
"GeForce GTX 950 (0)","bisectKernelLarge_MultIntervals(float*, float*, unsigned int, unsigned int*, unsigned int*, float*, float*, unsigned int*, unsigned int*, float*, unsigned int*, float)",100,"dram_write_throughput","Device Memory Write Throughput",132.019531KB/s,359.372070KB/s,0.000000B/s
"GeForce GTX 950 (0)","bisectKernelLarge_MultIntervals(float*, float*, unsigned int, unsigned int*, unsigned int*, float*, float*, unsigned int*, unsigned int*, float*, unsigned int*, float)",100,"tex_cache_throughput","Unified Cache Throughput",394.967813MB/s,397.486291MB/s,394.821167MB/s
"GeForce GTX 950 (0)","bisectKernelLarge_MultIntervals(float*, float*, unsigned int, unsigned int*, unsigned int*, float*, float*, unsigned int*, unsigned int*, float*, unsigned int*, float)",100,"local_load_throughput","Local Memory Load Throughput",0.000000B/s,0.000000B/s,0.000000B/s
"GeForce GTX 950 (0)","bisectKernelLarge_MultIntervals(float*, float*, unsigned int, unsigned int*, unsigned int*, float*, float*, unsigned int*, unsigned int*, float*, unsigned int*, float)",100,"local_store_throughput","Local Memory Store Throughput",0.000000B/s,0.000000B/s,0.000000B/s
"GeForce GTX 950 (0)","bisectKernelLarge_MultIntervals(float*, float*, unsigned int, unsigned int*, unsigned int*, float*, float*, unsigned int*, unsigned int*, float*, unsigned int*, float)",100,"shared_load_throughput","Shared Memory Load Throughput",64.767454GB/s,65.180438GB/s,64.964406GB/s
"GeForce GTX 950 (0)","bisectKernelLarge_MultIntervals(float*, float*, unsigned int, unsigned int*, unsigned int*, float*, float*, unsigned int*, unsigned int*, float*, unsigned int*, float)",100,"shared_store_throughput","Shared Memory Store Throughput",805.012725MB/s,810.145818MB/s,806.808472MB/s
"GeForce GTX 950 (0)","bisectKernelLarge_MultIntervals(float*, float*, unsigned int, unsigned int*, unsigned int*, float*, float*, unsigned int*, unsigned int*, float*, unsigned int*, float)",100,"gld_efficiency","Global Memory Load Efficiency",99.930863%,99.930863%,99.930863%
"GeForce GTX 950 (0)","bisectKernelLarge_MultIntervals(float*, float*, unsigned int, unsigned int*, unsigned int*, float*, float*, unsigned int*, unsigned int*, float*, unsigned int*, float)",100,"gst_efficiency","Global Memory Store Efficiency",81.553398%,81.553398%,81.553398%
"GeForce GTX 950 (0)","bisectKernelLarge_MultIntervals(float*, float*, unsigned int, unsigned int*, unsigned int*, float*, float*, unsigned int*, unsigned int*, float*, unsigned int*, float)",100,"tex_cache_transactions","Unified Cache Transactions",92369,92369,92369
"GeForce GTX 950 (0)","bisectKernelLarge_MultIntervals(float*, float*, unsigned int, unsigned int*, unsigned int*, float*, float*, unsigned int*, unsigned int*, float*, unsigned int*, float)",100,"cf_fu_utilization","Control-Flow Function Unit Utilization","Low (1)","Low (1)","Low (1)"
"GeForce GTX 950 (0)","bisectKernelLarge_MultIntervals(float*, float*, unsigned int, unsigned int*, unsigned int*, float*, float*, unsigned int*, unsigned int*, float*, unsigned int*, float)",100,"tex_fu_utilization","Texture Function Unit Utilization","Low (1)","Low (1)","Low (1)"
"GeForce GTX 950 (0)","bisectKernelLarge_MultIntervals(float*, float*, unsigned int, unsigned int*, unsigned int*, float*, float*, unsigned int*, unsigned int*, float*, unsigned int*, float)",100,"ldst_fu_utilization","Load/Store Function Unit Utilization","Low (1)","Low (1)","Low (1)"
"GeForce GTX 950 (0)","bisectKernelLarge_MultIntervals(float*, float*, unsigned int, unsigned int*, unsigned int*, float*, float*, unsigned int*, unsigned int*, float*, unsigned int*, float)",100,"double_precision_fu_utilization","Double-Precision Function Unit Utilization","Low (1)","Low (1)","Low (1)"
"GeForce GTX 950 (0)","bisectKernelLarge_MultIntervals(float*, float*, unsigned int, unsigned int*, unsigned int*, float*, float*, unsigned int*, unsigned int*, float*, unsigned int*, float)",100,"special_fu_utilization","Special Function Unit Utilization","Low (1)","Low (1)","Low (1)"
"GeForce GTX 950 (0)","bisectKernelLarge_MultIntervals(float*, float*, unsigned int, unsigned int*, unsigned int*, float*, float*, unsigned int*, unsigned int*, float*, unsigned int*, float)",100,"single_precision_fu_utilization","Single-Precision Function Unit Utilization","Low (3)","Low (3)","Low (3)"
"GeForce GTX 950 (0)","bisectKernelLarge_MultIntervals(float*, float*, unsigned int, unsigned int*, unsigned int*, float*, float*, unsigned int*, unsigned int*, float*, unsigned int*, float)",100,"flop_count_dp","Floating Point Operations(Double Precision)",0,0,0
"GeForce GTX 950 (0)","bisectKernelLarge_MultIntervals(float*, float*, unsigned int, unsigned int*, unsigned int*, float*, float*, unsigned int*, unsigned int*, float*, unsigned int*, float)",100,"flop_count_dp_add","Floating Point Operations(Double Precision Add)",0,0,0
"GeForce GTX 950 (0)","bisectKernelLarge_MultIntervals(float*, float*, unsigned int, unsigned int*, unsigned int*, float*, float*, unsigned int*, unsigned int*, float*, unsigned int*, float)",100,"flop_count_dp_fma","Floating Point Operations(Double Precision FMA)",0,0,0
"GeForce GTX 950 (0)","bisectKernelLarge_MultIntervals(float*, float*, unsigned int, unsigned int*, unsigned int*, float*, float*, unsigned int*, unsigned int*, float*, unsigned int*, float)",100,"flop_count_dp_mul","Floating Point Operations(Double Precision Mul)",0,0,0
"GeForce GTX 950 (0)","bisectKernelLarge_MultIntervals(float*, float*, unsigned int, unsigned int*, unsigned int*, float*, float*, unsigned int*, unsigned int*, float*, unsigned int*, float)",100,"flop_count_sp","Floating Point Operations(Single Precision)",1011559272,1011559272,1011559272
"GeForce GTX 950 (0)","bisectKernelLarge_MultIntervals(float*, float*, unsigned int, unsigned int*, unsigned int*, float*, float*, unsigned int*, unsigned int*, float*, unsigned int*, float)",100,"flop_count_sp_add","Floating Point Operations(Single Precision Add)",168684612,168684612,168684612
"GeForce GTX 950 (0)","bisectKernelLarge_MultIntervals(float*, float*, unsigned int, unsigned int*, unsigned int*, float*, float*, unsigned int*, unsigned int*, float*, unsigned int*, float)",100,"flop_count_sp_fma","Floating Point Operations(Single Precision FMA)",393321788,393321788,393321788
"GeForce GTX 950 (0)","bisectKernelLarge_MultIntervals(float*, float*, unsigned int, unsigned int*, unsigned int*, float*, float*, unsigned int*, unsigned int*, float*, unsigned int*, float)",100,"flop_count_sp_mul","Floating Point Operation(Single Precision Mul)",56231084,56231084,56231084
"GeForce GTX 950 (0)","bisectKernelLarge_MultIntervals(float*, float*, unsigned int, unsigned int*, unsigned int*, float*, float*, unsigned int*, unsigned int*, float*, unsigned int*, float)",100,"flop_count_sp_special","Floating Point Operations(Single Precision Special)",56186056,56186056,56186056
"GeForce GTX 950 (0)","bisectKernelLarge_MultIntervals(float*, float*, unsigned int, unsigned int*, unsigned int*, float*, float*, unsigned int*, unsigned int*, float*, unsigned int*, float)",100,"inst_executed","Instructions Executed",69930715,69930715,69930715
"GeForce GTX 950 (0)","bisectKernelLarge_MultIntervals(float*, float*, unsigned int, unsigned int*, unsigned int*, float*, float*, unsigned int*, unsigned int*, float*, unsigned int*, float)",100,"inst_issued","Instructions Issued",69930940,69930958,69930950
"GeForce GTX 950 (0)","bisectKernelLarge_MultIntervals(float*, float*, unsigned int, unsigned int*, unsigned int*, float*, float*, unsigned int*, unsigned int*, float*, unsigned int*, float)",100,"dram_utilization","Device Memory Utilization","Low (1)","Low (1)","Low (1)"
"GeForce GTX 950 (0)","bisectKernelLarge_MultIntervals(float*, float*, unsigned int, unsigned int*, unsigned int*, float*, float*, unsigned int*, unsigned int*, float*, unsigned int*, float)",100,"tex_utilization","Unified Cache Utilization","Low (1)","Low (1)","Low (1)"
"GeForce GTX 950 (0)","bisectKernelLarge_MultIntervals(float*, float*, unsigned int, unsigned int*, unsigned int*, float*, float*, unsigned int*, unsigned int*, float*, unsigned int*, float)",100,"shared_efficiency","Shared Memory Efficiency",90.735453%,90.735453%,90.735453%
"GeForce GTX 950 (0)","bisectKernelLarge_MultIntervals(float*, float*, unsigned int, unsigned int*, unsigned int*, float*, float*, unsigned int*, unsigned int*, float*, unsigned int*, float)",100,"shared_utilization","Shared Memory Utilization","Low (1)","Low (1)","Low (1)"
"GeForce GTX 950 (0)","bisectKernelLarge_MultIntervals(float*, float*, unsigned int, unsigned int*, unsigned int*, float*, float*, unsigned int*, unsigned int*, float*, unsigned int*, float)",100,"inst_fp_32","FP Instructions(Single)",787120654,787120654,787120654
"GeForce GTX 950 (0)","bisectKernelLarge_MultIntervals(float*, float*, unsigned int, unsigned int*, unsigned int*, float*, float*, unsigned int*, unsigned int*, float*, unsigned int*, float)",100,"inst_fp_64","FP Instructions(Double)",34768,34768,34768
"GeForce GTX 950 (0)","bisectKernelLarge_MultIntervals(float*, float*, unsigned int, unsigned int*, unsigned int*, float*, float*, unsigned int*, unsigned int*, float*, unsigned int*, float)",100,"inst_integer","Integer Instructions",401931362,401931362,401931362
"GeForce GTX 950 (0)","bisectKernelLarge_MultIntervals(float*, float*, unsigned int, unsigned int*, unsigned int*, float*, float*, unsigned int*, unsigned int*, float*, unsigned int*, float)",100,"inst_bit_convert","Bit-Convert Instructions",34959,34959,34959
"GeForce GTX 950 (0)","bisectKernelLarge_MultIntervals(float*, float*, unsigned int, unsigned int*, unsigned int*, float*, float*, unsigned int*, unsigned int*, float*, unsigned int*, float)",100,"inst_control","Control-Flow Instructions",171108390,171108390,171108390
"GeForce GTX 950 (0)","bisectKernelLarge_MultIntervals(float*, float*, unsigned int, unsigned int*, unsigned int*, float*, float*, unsigned int*, unsigned int*, float*, unsigned int*, float)",100,"inst_compute_ld_st","Load/Store Instructions",114696218,114696218,114696218
"GeForce GTX 950 (0)","bisectKernelLarge_MultIntervals(float*, float*, unsigned int, unsigned int*, unsigned int*, float*, float*, unsigned int*, unsigned int*, float*, unsigned int*, float)",100,"inst_misc","Misc Instructions",509526450,509526450,509526450
"GeForce GTX 950 (0)","bisectKernelLarge_MultIntervals(float*, float*, unsigned int, unsigned int*, unsigned int*, float*, float*, unsigned int*, unsigned int*, float*, unsigned int*, float)",100,"inst_inter_thread_communication","Inter-Thread Instructions",0,0,0
"GeForce GTX 950 (0)","bisectKernelLarge_MultIntervals(float*, float*, unsigned int, unsigned int*, unsigned int*, float*, float*, unsigned int*, unsigned int*, float*, unsigned int*, float)",100,"issue_slots","Issue Slots",58316127,58316143,58316135
"GeForce GTX 950 (0)","bisectKernelLarge_MultIntervals(float*, float*, unsigned int, unsigned int*, unsigned int*, float*, float*, unsigned int*, unsigned int*, float*, unsigned int*, float)",100,"cf_issued","Issued Control-Flow Instructions",7822105,7822105,7822105
"GeForce GTX 950 (0)","bisectKernelLarge_MultIntervals(float*, float*, unsigned int, unsigned int*, unsigned int*, float*, float*, unsigned int*, unsigned int*, float*, unsigned int*, float)",100,"cf_executed","Executed Control-Flow Instructions",7822105,7822105,7822105
"GeForce GTX 950 (0)","bisectKernelLarge_MultIntervals(float*, float*, unsigned int, unsigned int*, unsigned int*, float*, float*, unsigned int*, unsigned int*, float*, unsigned int*, float)",100,"ldst_issued","Issued Load/Store Instructions",4047290,4047290,4047290
"GeForce GTX 950 (0)","bisectKernelLarge_MultIntervals(float*, float*, unsigned int, unsigned int*, unsigned int*, float*, float*, unsigned int*, unsigned int*, float*, unsigned int*, float)",100,"ldst_executed","Executed Load/Store Instructions",3977656,3977656,3977656
"GeForce GTX 950 (0)","bisectKernelLarge_MultIntervals(float*, float*, unsigned int, unsigned int*, unsigned int*, float*, float*, unsigned int*, unsigned int*, float*, unsigned int*, float)",100,"atomic_transactions","Atomic Transactions",0,0,0
"GeForce GTX 950 (0)","bisectKernelLarge_MultIntervals(float*, float*, unsigned int, unsigned int*, unsigned int*, float*, float*, unsigned int*, unsigned int*, float*, unsigned int*, float)",100,"atomic_transactions_per_request","Atomic Transactions Per Request",0.000000,0.000000,0.000000
"GeForce GTX 950 (0)","bisectKernelLarge_MultIntervals(float*, float*, unsigned int, unsigned int*, unsigned int*, float*, float*, unsigned int*, unsigned int*, float*, unsigned int*, float)",100,"stall_inst_fetch","Issue Stall Reasons (Instructions Fetch)",18.305444%,18.350610%,18.324789%
"GeForce GTX 950 (0)","bisectKernelLarge_MultIntervals(float*, float*, unsigned int, unsigned int*, unsigned int*, float*, float*, unsigned int*, unsigned int*, float*, unsigned int*, float)",100,"stall_exec_dependency","Issue Stall Reasons (Execution Dependency)",33.188620%,33.247110%,33.217546%
"GeForce GTX 950 (0)","bisectKernelLarge_MultIntervals(float*, float*, unsigned int, unsigned int*, unsigned int*, float*, float*, unsigned int*, unsigned int*, float*, unsigned int*, float)",100,"stall_memory_dependency","Issue Stall Reasons (Data Request)",0.359833%,0.362595%,0.360980%
"GeForce GTX 950 (0)","bisectKernelLarge_MultIntervals(float*, float*, unsigned int, unsigned int*, unsigned int*, float*, float*, unsigned int*, unsigned int*, float*, unsigned int*, float)",100,"stall_texture","Issue Stall Reasons (Texture)",0.000000%,0.000000%,0.000000%
"GeForce GTX 950 (0)","bisectKernelLarge_MultIntervals(float*, float*, unsigned int, unsigned int*, unsigned int*, float*, float*, unsigned int*, unsigned int*, float*, unsigned int*, float)",100,"stall_sync","Issue Stall Reasons (Synchronization)",38.886909%,38.963201%,38.928160%
"GeForce GTX 950 (0)","bisectKernelLarge_MultIntervals(float*, float*, unsigned int, unsigned int*, unsigned int*, float*, float*, unsigned int*, unsigned int*, float*, unsigned int*, float)",100,"stall_other","Issue Stall Reasons (Other)",7.337933%,7.353970%,7.344844%
"GeForce GTX 950 (0)","bisectKernelLarge_MultIntervals(float*, float*, unsigned int, unsigned int*, unsigned int*, float*, float*, unsigned int*, unsigned int*, float*, unsigned int*, float)",100,"stall_constant_memory_dependency","Issue Stall Reasons (Immediate constant)",0.003152%,0.003891%,0.003293%
"GeForce GTX 950 (0)","bisectKernelLarge_MultIntervals(float*, float*, unsigned int, unsigned int*, unsigned int*, float*, float*, unsigned int*, unsigned int*, float*, unsigned int*, float)",100,"stall_pipe_busy","Issue Stall Reasons (Pipe Busy)",0.498950%,0.516407%,0.503301%
"GeForce GTX 950 (0)","bisectKernelLarge_MultIntervals(float*, float*, unsigned int, unsigned int*, unsigned int*, float*, float*, unsigned int*, unsigned int*, float*, unsigned int*, float)",100,"stall_memory_throttle","Issue Stall Reasons (Memory Throttle)",0.000328%,0.000353%,0.000342%
"GeForce GTX 950 (0)","bisectKernelLarge_MultIntervals(float*, float*, unsigned int, unsigned int*, unsigned int*, float*, float*, unsigned int*, unsigned int*, float*, unsigned int*, float)",100,"stall_not_selected","Issue Stall Reasons (Not Selected)",1.300322%,1.339134%,1.316744%
"GeForce GTX 950 (0)","bisectKernelLarge_MultIntervals(float*, float*, unsigned int, unsigned int*, unsigned int*, float*, float*, unsigned int*, unsigned int*, float*, unsigned int*, float)",100,"sysmem_read_transactions","System Memory Read Transactions",0,0,0
"GeForce GTX 950 (0)","bisectKernelLarge_MultIntervals(float*, float*, unsigned int, unsigned int*, unsigned int*, float*, float*, unsigned int*, unsigned int*, float*, unsigned int*, float)",100,"sysmem_write_transactions","System Memory Write Transactions",5,5,5
"GeForce GTX 950 (0)","bisectKernelLarge_MultIntervals(float*, float*, unsigned int, unsigned int*, unsigned int*, float*, float*, unsigned int*, unsigned int*, float*, unsigned int*, float)",100,"l2_read_transactions","L2 Read Transactions",92444,92908,92634
"GeForce GTX 950 (0)","bisectKernelLarge_MultIntervals(float*, float*, unsigned int, unsigned int*, unsigned int*, float*, float*, unsigned int*, unsigned int*, float*, unsigned int*, float)",100,"l2_write_transactions","L2 Write Transactions",624,624,624
"GeForce GTX 950 (0)","bisectKernelLarge_MultIntervals(float*, float*, unsigned int, unsigned int*, unsigned int*, float*, float*, unsigned int*, unsigned int*, float*, unsigned int*, float)",100,"ecc_transactions","ECC Transactions",0,0,0
"GeForce GTX 950 (0)","bisectKernelLarge_MultIntervals(float*, float*, unsigned int, unsigned int*, unsigned int*, float*, float*, unsigned int*, unsigned int*, float*, unsigned int*, float)",100,"local_memory_overhead","Local Memory Overhead",0.000000%,0.000000%,0.000000%
"GeForce GTX 950 (0)","bisectKernelLarge_MultIntervals(float*, float*, unsigned int, unsigned int*, unsigned int*, float*, float*, unsigned int*, unsigned int*, float*, unsigned int*, float)",100,"tex_cache_hit_rate","Unified Cache Hit Rate",49.969069%,49.969069%,49.969069%
"GeForce GTX 950 (0)","bisectKernelLarge_MultIntervals(float*, float*, unsigned int, unsigned int*, unsigned int*, float*, float*, unsigned int*, unsigned int*, float*, unsigned int*, float)",100,"l2_tex_read_hit_rate","L2 Hit Rate (Texture Reads)",100.000000%,100.000000%,100.000000%
"GeForce GTX 950 (0)","bisectKernelLarge_MultIntervals(float*, float*, unsigned int, unsigned int*, unsigned int*, float*, float*, unsigned int*, unsigned int*, float*, unsigned int*, float)",100,"l2_tex_write_hit_rate","L2 Hit Rate (Texture Writes)",100.000000%,100.000000%,100.000000%
"GeForce GTX 950 (0)","bisectKernelLarge_MultIntervals(float*, float*, unsigned int, unsigned int*, unsigned int*, float*, float*, unsigned int*, unsigned int*, float*, unsigned int*, float)",100,"l2_tex_read_throughput","L2 Throughput (Texture Reads)",395.053332MB/s,397.572355MB/s,394.821167MB/s
"GeForce GTX 950 (0)","bisectKernelLarge_MultIntervals(float*, float*, unsigned int, unsigned int*, unsigned int*, float*, float*, unsigned int*, unsigned int*, float*, unsigned int*, float)",100,"l2_tex_write_throughput","L2 Throughput (Texture Writes)",2.642554MB/s,2.659404MB/s,1.907349MB/s
"GeForce GTX 950 (0)","bisectKernelLarge_MultIntervals(float*, float*, unsigned int, unsigned int*, unsigned int*, float*, float*, unsigned int*, unsigned int*, float*, unsigned int*, float)",100,"l2_tex_read_transactions","L2 Transactions (Texture Reads)",92389,92389,92389
"GeForce GTX 950 (0)","bisectKernelLarge_MultIntervals(float*, float*, unsigned int, unsigned int*, unsigned int*, float*, float*, unsigned int*, unsigned int*, float*, unsigned int*, float)",100,"l2_tex_write_transactions","L2 Transactions (Texture Writes)",618,618,618
"GeForce GTX 950 (0)","bisectKernelLarge_MultIntervals(float*, float*, unsigned int, unsigned int*, unsigned int*, float*, float*, unsigned int*, unsigned int*, float*, unsigned int*, float)",100,"l2_read_throughput","L2 Throughput (Reads)",395.288511MB/s,399.306076MB/s,396.728516MB/s
"GeForce GTX 950 (0)","bisectKernelLarge_MultIntervals(float*, float*, unsigned int, unsigned int*, unsigned int*, float*, float*, unsigned int*, unsigned int*, float*, unsigned int*, float)",100,"l2_write_throughput","L2 Throughput (Writes)",2.668210MB/s,2.685224MB/s,1.907349MB/s
"GeForce GTX 950 (0)","bisectKernelLarge_MultIntervals(float*, float*, unsigned int, unsigned int*, unsigned int*, float*, float*, unsigned int*, unsigned int*, float*, unsigned int*, float)",100,"sysmem_read_throughput","System Memory Read Throughput",0.000000B/s,0.000000B/s,0.000000B/s
"GeForce GTX 950 (0)","bisectKernelLarge_MultIntervals(float*, float*, unsigned int, unsigned int*, unsigned int*, float*, float*, unsigned int*, unsigned int*, float*, unsigned int*, float)",100,"sysmem_write_throughput","System Memory Write Throughput",21.892578KB/s,22.032227KB/s,0.000000B/s
"GeForce GTX 950 (0)","bisectKernelLarge_MultIntervals(float*, float*, unsigned int, unsigned int*, unsigned int*, float*, float*, unsigned int*, unsigned int*, float*, unsigned int*, float)",100,"l2_utilization","L2 Cache Utilization","Low (1)","Low (1)","Low (1)"
"GeForce GTX 950 (0)","bisectKernelLarge_MultIntervals(float*, float*, unsigned int, unsigned int*, unsigned int*, float*, float*, unsigned int*, unsigned int*, float*, unsigned int*, float)",100,"l2_atomic_throughput","L2 Throughput (Atomic requests)",0.000000B/s,0.000000B/s,0.000000B/s
"GeForce GTX 950 (0)","bisectKernelLarge_MultIntervals(float*, float*, unsigned int, unsigned int*, unsigned int*, float*, float*, unsigned int*, unsigned int*, float*, unsigned int*, float)",100,"l2_atomic_transactions","L2 Transactions (Atomic requests)",0,0,0
"GeForce GTX 950 (0)","bisectKernelLarge_MultIntervals(float*, float*, unsigned int, unsigned int*, unsigned int*, float*, float*, unsigned int*, unsigned int*, float*, unsigned int*, float)",100,"sysmem_utilization","System Memory Utilization","Low (1)","Low (1)","Low (1)"
"GeForce GTX 950 (0)","bisectKernelLarge_MultIntervals(float*, float*, unsigned int, unsigned int*, unsigned int*, float*, float*, unsigned int*, unsigned int*, float*, unsigned int*, float)",100,"ecc_throughput","ECC Throughput",0.000000B/s,0.000000B/s,0.000000B/s
"GeForce GTX 950 (0)","bisectKernelLarge_MultIntervals(float*, float*, unsigned int, unsigned int*, unsigned int*, float*, float*, unsigned int*, unsigned int*, float*, unsigned int*, float)",100,"sysmem_read_utilization","System Memory Read Utilization","Idle (0)","Idle (0)","Idle (0)"
"GeForce GTX 950 (0)","bisectKernelLarge_MultIntervals(float*, float*, unsigned int, unsigned int*, unsigned int*, float*, float*, unsigned int*, unsigned int*, float*, unsigned int*, float)",100,"sysmem_write_utilization","System Memory Write Utilization","Low (1)","Low (1)","Low (1)"
"GeForce GTX 950 (0)","bisectKernelLarge_MultIntervals(float*, float*, unsigned int, unsigned int*, unsigned int*, float*, float*, unsigned int*, unsigned int*, float*, unsigned int*, float)",100,"eligible_warps_per_cycle","Eligible Warps Per Active Cycle",1.317556,1.321031,1.318870
"GeForce GTX 950 (0)","bisectKernelLarge_MultIntervals(float*, float*, unsigned int, unsigned int*, unsigned int*, float*, float*, unsigned int*, unsigned int*, float*, unsigned int*, float)",100,"flop_sp_efficiency","FLOP Efficiency(Peak Single)",6.339152%,6.385371%,6.365605%
"GeForce GTX 950 (0)","bisectKernelLarge_MultIntervals(float*, float*, unsigned int, unsigned int*, unsigned int*, float*, float*, unsigned int*, unsigned int*, float*, unsigned int*, float)",100,"flop_dp_efficiency","FLOP Efficiency(Peak Double)",0.000000%,0.000000%,0.000000%
"GeForce GTX 950 (0)","bisectKernelLarge(float*, float*, unsigned int, float, float, unsigned int, unsigned int, float, unsigned int*, unsigned int*, float*, float*, unsigned int*, float*, float*, unsigned int*, unsigned int*, unsigned int*, unsigned int*)",100,"sm_efficiency","Multiprocessor Activity",16.690904%,16.706141%,16.700125%
"GeForce GTX 950 (0)","bisectKernelLarge(float*, float*, unsigned int, float, float, unsigned int, unsigned int, float, unsigned int*, unsigned int*, float*, float*, unsigned int*, float*, float*, unsigned int*, unsigned int*, unsigned int*, unsigned int*)",100,"achieved_occupancy","Achieved Occupancy",0.124998,0.124999,0.124999
"GeForce GTX 950 (0)","bisectKernelLarge(float*, float*, unsigned int, float, float, unsigned int, unsigned int, float, unsigned int*, unsigned int*, float*, float*, unsigned int*, float*, float*, unsigned int*, unsigned int*, unsigned int*, unsigned int*)",100,"ipc","Executed IPC",0.331279,0.331591,0.331428
"GeForce GTX 950 (0)","bisectKernelLarge(float*, float*, unsigned int, float, float, unsigned int, unsigned int, float, unsigned int*, unsigned int*, float*, float*, unsigned int*, float*, float*, unsigned int*, unsigned int*, unsigned int*, unsigned int*)",100,"issued_ipc","Issued IPC",0.331280,0.331622,0.331436
"GeForce GTX 950 (0)","bisectKernelLarge(float*, float*, unsigned int, float, float, unsigned int, unsigned int, float, unsigned int*, unsigned int*, float*, float*, unsigned int*, float*, float*, unsigned int*, unsigned int*, unsigned int*, unsigned int*)",100,"inst_per_warp","Instructions per warp",160803.375000,160803.375000,160803.375000
"GeForce GTX 950 (0)","bisectKernelLarge(float*, float*, unsigned int, float, float, unsigned int, unsigned int, float, unsigned int*, unsigned int*, float*, float*, unsigned int*, float*, float*, unsigned int*, unsigned int*, unsigned int*, unsigned int*)",100,"branch_efficiency","Branch Efficiency",99.988885%,99.988885%,99.988885%
"GeForce GTX 950 (0)","bisectKernelLarge(float*, float*, unsigned int, float, float, unsigned int, unsigned int, float, unsigned int*, unsigned int*, float*, float*, unsigned int*, float*, float*, unsigned int*, unsigned int*, unsigned int*, unsigned int*)",100,"warp_execution_efficiency","Warp Execution Efficiency",68.648255%,68.648270%,68.648262%
"GeForce GTX 950 (0)","bisectKernelLarge(float*, float*, unsigned int, float, float, unsigned int, unsigned int, float, unsigned int*, unsigned int*, float*, float*, unsigned int*, float*, float*, unsigned int*, unsigned int*, unsigned int*, unsigned int*)",100,"warp_nonpred_execution_efficiency","Warp Non-Predicated Execution Efficiency",66.686586%,66.686591%,66.686588%
"GeForce GTX 950 (0)","bisectKernelLarge(float*, float*, unsigned int, float, float, unsigned int, unsigned int, float, unsigned int*, unsigned int*, float*, float*, unsigned int*, float*, float*, unsigned int*, unsigned int*, unsigned int*, unsigned int*)",100,"inst_replay_overhead","Instruction Replay Overhead",0.000026,0.000026,0.000026
"GeForce GTX 950 (0)","bisectKernelLarge(float*, float*, unsigned int, float, float, unsigned int, unsigned int, float, unsigned int*, unsigned int*, float*, float*, unsigned int*, float*, float*, unsigned int*, unsigned int*, unsigned int*, unsigned int*)",100,"issue_slot_utilization","Issue Slot Utilization",7.133785%,7.141137%,7.137143%
"GeForce GTX 950 (0)","bisectKernelLarge(float*, float*, unsigned int, float, float, unsigned int, unsigned int, float, unsigned int*, unsigned int*, float*, float*, unsigned int*, float*, float*, unsigned int*, unsigned int*, unsigned int*, unsigned int*)",100,"shared_load_transactions_per_request","Shared Memory Load Transactions Per Request",1.009851,1.009851,1.009851
"GeForce GTX 950 (0)","bisectKernelLarge(float*, float*, unsigned int, float, float, unsigned int, unsigned int, float, unsigned int*, unsigned int*, float*, float*, unsigned int*, float*, float*, unsigned int*, unsigned int*, unsigned int*, unsigned int*)",100,"shared_store_transactions_per_request","Shared Memory Store Transactions Per Request",1.136453,1.136453,1.136453
"GeForce GTX 950 (0)","bisectKernelLarge(float*, float*, unsigned int, float, float, unsigned int, unsigned int, float, unsigned int*, unsigned int*, float*, float*, unsigned int*, float*, float*, unsigned int*, unsigned int*, unsigned int*, unsigned int*)",100,"local_load_transactions_per_request","Local Memory Load Transactions Per Request",0.000000,0.000000,0.000000
"GeForce GTX 950 (0)","bisectKernelLarge(float*, float*, unsigned int, float, float, unsigned int, unsigned int, float, unsigned int*, unsigned int*, float*, float*, unsigned int*, float*, float*, unsigned int*, unsigned int*, unsigned int*, unsigned int*)",100,"local_store_transactions_per_request","Local Memory Store Transactions Per Request",0.000000,0.000000,0.000000
"GeForce GTX 950 (0)","bisectKernelLarge(float*, float*, unsigned int, float, float, unsigned int, unsigned int, float, unsigned int*, unsigned int*, float*, float*, unsigned int*, float*, float*, unsigned int*, unsigned int*, unsigned int*, unsigned int*)",100,"gld_transactions_per_request","Global Load Transactions Per Request",8.000000,8.000000,8.000000
"GeForce GTX 950 (0)","bisectKernelLarge(float*, float*, unsigned int, float, float, unsigned int, unsigned int, float, unsigned int*, unsigned int*, float*, float*, unsigned int*, float*, float*, unsigned int*, unsigned int*, unsigned int*, unsigned int*)",100,"gst_transactions_per_request","Global Store Transactions Per Request",3.568627,3.568627,3.568627
"GeForce GTX 950 (0)","bisectKernelLarge(float*, float*, unsigned int, float, float, unsigned int, unsigned int, float, unsigned int*, unsigned int*, float*, float*, unsigned int*, float*, float*, unsigned int*, unsigned int*, unsigned int*, unsigned int*)",100,"shared_store_transactions","Shared Store Transactions",2307,2307,2307
"GeForce GTX 950 (0)","bisectKernelLarge(float*, float*, unsigned int, float, float, unsigned int, unsigned int, float, unsigned int*, unsigned int*, float*, float*, unsigned int*, float*, float*, unsigned int*, unsigned int*, unsigned int*, unsigned int*)",100,"shared_load_transactions","Shared Load Transactions",71861,71861,71861
"GeForce GTX 950 (0)","bisectKernelLarge(float*, float*, unsigned int, float, float, unsigned int, unsigned int, float, unsigned int*, unsigned int*, float*, float*, unsigned int*, float*, float*, unsigned int*, unsigned int*, unsigned int*, unsigned int*)",100,"local_load_transactions","Local Load Transactions",0,0,0
"GeForce GTX 950 (0)","bisectKernelLarge(float*, float*, unsigned int, float, float, unsigned int, unsigned int, float, unsigned int*, unsigned int*, float*, float*, unsigned int*, float*, float*, unsigned int*, unsigned int*, unsigned int*, unsigned int*)",100,"local_store_transactions","Local Store Transactions",0,0,0
"GeForce GTX 950 (0)","bisectKernelLarge(float*, float*, unsigned int, float, float, unsigned int, unsigned int, float, unsigned int*, unsigned int*, float*, float*, unsigned int*, float*, float*, unsigned int*, unsigned int*, unsigned int*, unsigned int*)",100,"gld_transactions","Global Load Transactions",9216,9216,9216
"GeForce GTX 950 (0)","bisectKernelLarge(float*, float*, unsigned int, float, float, unsigned int, unsigned int, float, unsigned int*, unsigned int*, float*, float*, unsigned int*, float*, float*, unsigned int*, unsigned int*, unsigned int*, unsigned int*)",100,"gst_transactions","Global Store Transactions",182,182,182
"GeForce GTX 950 (0)","bisectKernelLarge(float*, float*, unsigned int, float, float, unsigned int, unsigned int, float, unsigned int*, unsigned int*, float*, float*, unsigned int*, float*, float*, unsigned int*, unsigned int*, unsigned int*, unsigned int*)",100,"dram_read_transactions","Device Memory Read Transactions",0,32,0
"GeForce GTX 950 (0)","bisectKernelLarge(float*, float*, unsigned int, float, float, unsigned int, unsigned int, float, unsigned int*, unsigned int*, float*, float*, unsigned int*, float*, float*, unsigned int*, unsigned int*, unsigned int*, unsigned int*)",100,"dram_write_transactions","Device Memory Write Transactions",25,294,67
"GeForce GTX 950 (0)","bisectKernelLarge(float*, float*, unsigned int, float, float, unsigned int, unsigned int, float, unsigned int*, unsigned int*, float*, float*, unsigned int*, float*, float*, unsigned int*, unsigned int*, unsigned int*, unsigned int*)",100,"global_hit_rate","Global Hit Rate",50.000000%,50.000000%,50.000000%
"GeForce GTX 950 (0)","bisectKernelLarge(float*, float*, unsigned int, float, float, unsigned int, unsigned int, float, unsigned int*, unsigned int*, float*, float*, unsigned int*, float*, float*, unsigned int*, unsigned int*, unsigned int*, unsigned int*)",100,"local_hit_rate","Local Hit Rate",0.000000%,0.000000%,0.000000%
"GeForce GTX 950 (0)","bisectKernelLarge(float*, float*, unsigned int, float, float, unsigned int, unsigned int, float, unsigned int*, unsigned int*, float*, float*, unsigned int*, float*, float*, unsigned int*, unsigned int*, unsigned int*, unsigned int*)",100,"gld_requested_throughput","Requested Global Load Throughput",52.681128MB/s,52.700593MB/s,52.452087MB/s
"GeForce GTX 950 (0)","bisectKernelLarge(float*, float*, unsigned int, float, float, unsigned int, unsigned int, float, unsigned int*, unsigned int*, float*, float*, unsigned int*, float*, float*, unsigned int*, unsigned int*, unsigned int*, unsigned int*)",100,"gst_requested_throughput","Requested Global Store Throughput",2.014984MB/s,2.015729MB/s,1.907349MB/s
"GeForce GTX 950 (0)","bisectKernelLarge(float*, float*, unsigned int, float, float, unsigned int, unsigned int, float, unsigned int*, unsigned int*, float*, float*, unsigned int*, float*, float*, unsigned int*, unsigned int*, unsigned int*, unsigned int*)",100,"gld_throughput","Global Load Throughput",52.681128MB/s,52.700593MB/s,52.452087MB/s
"GeForce GTX 950 (0)","bisectKernelLarge(float*, float*, unsigned int, float, float, unsigned int, unsigned int, float, unsigned int*, unsigned int*, float*, float*, unsigned int*, float*, float*, unsigned int*, unsigned int*, unsigned int*, unsigned int*)",100,"gst_throughput","Global Store Throughput",2.080721MB/s,2.081490MB/s,1.907349MB/s
"GeForce GTX 950 (0)","bisectKernelLarge(float*, float*, unsigned int, float, float, unsigned int, unsigned int, float, unsigned int*, unsigned int*, float*, float*, unsigned int*, float*, float*, unsigned int*, unsigned int*, unsigned int*, unsigned int*)",100,"dram_read_throughput","Device Memory Read Throughput",0.000000B/s,374.697266KB/s,0.000000B/s
"GeForce GTX 950 (0)","bisectKernelLarge(float*, float*, unsigned int, float, float, unsigned int, unsigned int, float, unsigned int*, unsigned int*, float*, float*, unsigned int*, float*, float*, unsigned int*, unsigned int*, unsigned int*, unsigned int*)",100,"dram_write_throughput","Device Memory Write Throughput",292.742188KB/s,3.361848MB/s,0.000000B/s
"GeForce GTX 950 (0)","bisectKernelLarge(float*, float*, unsigned int, float, float, unsigned int, unsigned int, float, unsigned int*, unsigned int*, float*, float*, unsigned int*, float*, float*, unsigned int*, unsigned int*, unsigned int*, unsigned int*)",100,"tex_cache_throughput","Unified Cache Throughput",52.681128MB/s,52.700593MB/s,52.452087MB/s
"GeForce GTX 950 (0)","bisectKernelLarge(float*, float*, unsigned int, float, float, unsigned int, unsigned int, float, unsigned int*, unsigned int*, float*, float*, unsigned int*, float*, float*, unsigned int*, unsigned int*, unsigned int*, unsigned int*)",100,"local_load_throughput","Local Memory Load Throughput",0.000000B/s,0.000000B/s,0.000000B/s
"GeForce GTX 950 (0)","bisectKernelLarge(float*, float*, unsigned int, float, float, unsigned int, unsigned int, float, unsigned int*, unsigned int*, float*, float*, unsigned int*, float*, float*, unsigned int*, unsigned int*, unsigned int*, unsigned int*)",100,"local_store_throughput","Local Memory Store Throughput",0.000000B/s,0.000000B/s,0.000000B/s
"GeForce GTX 950 (0)","bisectKernelLarge(float*, float*, unsigned int, float, float, unsigned int, unsigned int, float, unsigned int*, unsigned int*, float*, float*, unsigned int*, float*, float*, unsigned int*, unsigned int*, unsigned int*, unsigned int*)",100,"shared_load_throughput","Shared Memory Load Throughput",3.209193GB/s,3.210379GB/s,3.208406GB/s
"GeForce GTX 950 (0)","bisectKernelLarge(float*, float*, unsigned int, float, float, unsigned int, unsigned int, float, unsigned int*, unsigned int*, float*, float*, unsigned int*, float*, float*, unsigned int*, unsigned int*, unsigned int*, unsigned int*)",100,"shared_store_throughput","Shared Memory Store Throughput",105.499445MB/s,105.538428MB/s,104.904175MB/s
"GeForce GTX 950 (0)","bisectKernelLarge(float*, float*, unsigned int, float, float, unsigned int, unsigned int, float, unsigned int*, unsigned int*, float*, float*, unsigned int*, float*, float*, unsigned int*, unsigned int*, unsigned int*, unsigned int*)",100,"gld_efficiency","Global Memory Load Efficiency",100.000000%,100.000000%,100.000000%
"GeForce GTX 950 (0)","bisectKernelLarge(float*, float*, unsigned int, float, float, unsigned int, unsigned int, float, unsigned int*, unsigned int*, float*, float*, unsigned int*, float*, float*, unsigned int*, unsigned int*, unsigned int*, unsigned int*)",100,"gst_efficiency","Global Memory Store Efficiency",96.840659%,96.840659%,96.840659%
"GeForce GTX 950 (0)","bisectKernelLarge(float*, float*, unsigned int, float, float, unsigned int, unsigned int, float, unsigned int*, unsigned int*, float*, float*, unsigned int*, float*, float*, unsigned int*, unsigned int*, unsigned int*, unsigned int*)",100,"tex_cache_transactions","Unified Cache Transactions",4608,4608,4608
"GeForce GTX 950 (0)","bisectKernelLarge(float*, float*, unsigned int, float, float, unsigned int, unsigned int, float, unsigned int*, unsigned int*, float*, float*, unsigned int*, float*, float*, unsigned int*, unsigned int*, unsigned int*, unsigned int*)",100,"cf_fu_utilization","Control-Flow Function Unit Utilization","Low (1)","Low (1)","Low (1)"
"GeForce GTX 950 (0)","bisectKernelLarge(float*, float*, unsigned int, float, float, unsigned int, unsigned int, float, unsigned int*, unsigned int*, float*, float*, unsigned int*, float*, float*, unsigned int*, unsigned int*, unsigned int*, unsigned int*)",100,"tex_fu_utilization","Texture Function Unit Utilization","Low (1)","Low (1)","Low (1)"
"GeForce GTX 950 (0)","bisectKernelLarge(float*, float*, unsigned int, float, float, unsigned int, unsigned int, float, unsigned int*, unsigned int*, float*, float*, unsigned int*, float*, float*, unsigned int*, unsigned int*, unsigned int*, unsigned int*)",100,"ldst_fu_utilization","Load/Store Function Unit Utilization","Low (1)","Low (1)","Low (1)"
"GeForce GTX 950 (0)","bisectKernelLarge(float*, float*, unsigned int, float, float, unsigned int, unsigned int, float, unsigned int*, unsigned int*, float*, float*, unsigned int*, float*, float*, unsigned int*, unsigned int*, unsigned int*, unsigned int*)",100,"double_precision_fu_utilization","Double-Precision Function Unit Utilization","Low (1)","Low (1)","Low (1)"
"GeForce GTX 950 (0)","bisectKernelLarge(float*, float*, unsigned int, float, float, unsigned int, unsigned int, float, unsigned int*, unsigned int*, float*, float*, unsigned int*, float*, float*, unsigned int*, unsigned int*, unsigned int*, unsigned int*)",100,"special_fu_utilization","Special Function Unit Utilization","Low (1)","Low (1)","Low (1)"
"GeForce GTX 950 (0)","bisectKernelLarge(float*, float*, unsigned int, float, float, unsigned int, unsigned int, float, unsigned int*, unsigned int*, float*, float*, unsigned int*, float*, float*, unsigned int*, unsigned int*, unsigned int*, unsigned int*)",100,"single_precision_fu_utilization","Single-Precision Function Unit Utilization","Low (1)","Low (1)","Low (1)"
"GeForce GTX 950 (0)","bisectKernelLarge(float*, float*, unsigned int, float, float, unsigned int, unsigned int, float, unsigned int*, unsigned int*, float*, float*, unsigned int*, float*, float*, unsigned int*, unsigned int*, unsigned int*, unsigned int*)",100,"flop_count_dp","Floating Point Operations(Double Precision)",0,0,0
"GeForce GTX 950 (0)","bisectKernelLarge(float*, float*, unsigned int, float, float, unsigned int, unsigned int, float, unsigned int*, unsigned int*, float*, float*, unsigned int*, float*, float*, unsigned int*, unsigned int*, unsigned int*, unsigned int*)",100,"flop_count_dp_add","Floating Point Operations(Double Precision Add)",0,0,0
"GeForce GTX 950 (0)","bisectKernelLarge(float*, float*, unsigned int, float, float, unsigned int, unsigned int, float, unsigned int*, unsigned int*, float*, float*, unsigned int*, float*, float*, unsigned int*, unsigned int*, unsigned int*, unsigned int*)",100,"flop_count_dp_fma","Floating Point Operations(Double Precision FMA)",0,0,0
"GeForce GTX 950 (0)","bisectKernelLarge(float*, float*, unsigned int, float, float, unsigned int, unsigned int, float, unsigned int*, unsigned int*, float*, float*, unsigned int*, float*, float*, unsigned int*, unsigned int*, unsigned int*, unsigned int*)",100,"flop_count_dp_mul","Floating Point Operations(Double Precision Mul)",0,0,0
"GeForce GTX 950 (0)","bisectKernelLarge(float*, float*, unsigned int, float, float, unsigned int, unsigned int, float, unsigned int*, unsigned int*, float*, float*, unsigned int*, float*, float*, unsigned int*, unsigned int*, unsigned int*, unsigned int*)",100,"flop_count_sp","Floating Point Operations(Single Precision)",13636366,13636366,13636366
"GeForce GTX 950 (0)","bisectKernelLarge(float*, float*, unsigned int, float, float, unsigned int, unsigned int, float, unsigned int*, unsigned int*, float*, float*, unsigned int*, float*, float*, unsigned int*, unsigned int*, unsigned int*, unsigned int*)",100,"flop_count_sp_add","Floating Point Operations(Single Precision Add)",2274020,2274020,2274020
"GeForce GTX 950 (0)","bisectKernelLarge(float*, float*, unsigned int, float, float, unsigned int, unsigned int, float, unsigned int*, unsigned int*, float*, float*, unsigned int*, float*, float*, unsigned int*, unsigned int*, unsigned int*, unsigned int*)",100,"flop_count_sp_fma","Floating Point Operations(Single Precision FMA)",5302100,5302100,5302100
"GeForce GTX 950 (0)","bisectKernelLarge(float*, float*, unsigned int, float, float, unsigned int, unsigned int, float, unsigned int*, unsigned int*, float*, float*, unsigned int*, float*, float*, unsigned int*, unsigned int*, unsigned int*, unsigned int*)",100,"flop_count_sp_mul","Floating Point Operation(Single Precision Mul)",758146,758146,758146
"GeForce GTX 950 (0)","bisectKernelLarge(float*, float*, unsigned int, float, float, unsigned int, unsigned int, float, unsigned int*, unsigned int*, float*, float*, unsigned int*, float*, float*, unsigned int*, unsigned int*, unsigned int*, unsigned int*)",100,"flop_count_sp_special","Floating Point Operations(Single Precision Special)",757390,757390,757390
"GeForce GTX 950 (0)","bisectKernelLarge(float*, float*, unsigned int, float, float, unsigned int, unsigned int, float, unsigned int*, unsigned int*, float*, float*, unsigned int*, float*, float*, unsigned int*, unsigned int*, unsigned int*, unsigned int*)",100,"inst_executed","Instructions Executed",1286427,1286427,1286427
"GeForce GTX 950 (0)","bisectKernelLarge(float*, float*, unsigned int, float, float, unsigned int, unsigned int, float, unsigned int*, unsigned int*, float*, float*, unsigned int*, float*, float*, unsigned int*, unsigned int*, unsigned int*, unsigned int*)",100,"inst_issued","Instructions Issued",1286460,1286460,1286460
"GeForce GTX 950 (0)","bisectKernelLarge(float*, float*, unsigned int, float, float, unsigned int, unsigned int, float, unsigned int*, unsigned int*, float*, float*, unsigned int*, float*, float*, unsigned int*, unsigned int*, unsigned int*, unsigned int*)",100,"dram_utilization","Device Memory Utilization","Low (1)","Low (1)","Low (1)"
"GeForce GTX 950 (0)","bisectKernelLarge(float*, float*, unsigned int, float, float, unsigned int, unsigned int, float, unsigned int*, unsigned int*, float*, float*, unsigned int*, float*, float*, unsigned int*, unsigned int*, unsigned int*, unsigned int*)",100,"tex_utilization","Unified Cache Utilization","Low (1)","Low (1)","Low (1)"
"GeForce GTX 950 (0)","bisectKernelLarge(float*, float*, unsigned int, float, float, unsigned int, unsigned int, float, unsigned int*, unsigned int*, float*, float*, unsigned int*, float*, float*, unsigned int*, unsigned int*, unsigned int*, unsigned int*)",100,"shared_efficiency","Shared Memory Efficiency",67.113049%,67.113049%,67.113049%
"GeForce GTX 950 (0)","bisectKernelLarge(float*, float*, unsigned int, float, float, unsigned int, unsigned int, float, unsigned int*, unsigned int*, float*, float*, unsigned int*, float*, float*, unsigned int*, unsigned int*, unsigned int*, unsigned int*)",100,"shared_utilization","Shared Memory Utilization","Low (1)","Low (1)","Low (1)"
"GeForce GTX 950 (0)","bisectKernelLarge(float*, float*, unsigned int, float, float, unsigned int, unsigned int, float, unsigned int*, unsigned int*, float*, float*, unsigned int*, float*, float*, unsigned int*, unsigned int*, unsigned int*, unsigned int*)",100,"inst_fp_32","FP Instructions(Single)",10611260,10611260,10611260
"GeForce GTX 950 (0)","bisectKernelLarge(float*, float*, unsigned int, float, float, unsigned int, unsigned int, float, unsigned int*, unsigned int*, float*, float*, unsigned int*, float*, float*, unsigned int*, unsigned int*, unsigned int*, unsigned int*)",100,"inst_fp_64","FP Instructions(Double)",740,740,740
"GeForce GTX 950 (0)","bisectKernelLarge(float*, float*, unsigned int, float, float, unsigned int, unsigned int, float, unsigned int*, unsigned int*, float*, float*, unsigned int*, float*, float*, unsigned int*, unsigned int*, unsigned int*, unsigned int*)",100,"inst_integer","Integer Instructions",6550629,6550629,6550629
"GeForce GTX 950 (0)","bisectKernelLarge(float*, float*, unsigned int, float, float, unsigned int, unsigned int, float, unsigned int*, unsigned int*, float*, float*, unsigned int*, float*, float*, unsigned int*, unsigned int*, unsigned int*, unsigned int*)",100,"inst_bit_convert","Bit-Convert Instructions",747,747,747
"GeForce GTX 950 (0)","bisectKernelLarge(float*, float*, unsigned int, float, float, unsigned int, unsigned int, float, unsigned int*, unsigned int*, float*, float*, unsigned int*, float*, float*, unsigned int*, unsigned int*, unsigned int*, unsigned int*)",100,"inst_control","Control-Flow Instructions",2435924,2435924,2435924
"GeForce GTX 950 (0)","bisectKernelLarge(float*, float*, unsigned int, float, float, unsigned int, unsigned int, float, unsigned int*, unsigned int*, float*, float*, unsigned int*, float*, float*, unsigned int*, unsigned int*, unsigned int*, unsigned int*)",100,"inst_compute_ld_st","Load/Store Instructions",1644651,1644651,1644651
"GeForce GTX 950 (0)","bisectKernelLarge(float*, float*, unsigned int, float, float, unsigned int, unsigned int, float, unsigned int*, unsigned int*, float*, float*, unsigned int*, float*, float*, unsigned int*, unsigned int*, unsigned int*, unsigned int*)",100,"inst_misc","Misc Instructions",6208026,6208026,6208026
"GeForce GTX 950 (0)","bisectKernelLarge(float*, float*, unsigned int, float, float, unsigned int, unsigned int, float, unsigned int*, unsigned int*, float*, float*, unsigned int*, float*, float*, unsigned int*, unsigned int*, unsigned int*, unsigned int*)",100,"inst_inter_thread_communication","Inter-Thread Instructions",0,0,0
"GeForce GTX 950 (0)","bisectKernelLarge(float*, float*, unsigned int, float, float, unsigned int, unsigned int, float, unsigned int*, unsigned int*, float*, float*, unsigned int*, float*, float*, unsigned int*, unsigned int*, unsigned int*, unsigned int*)",100,"issue_slots","Issue Slots",1108104,1108104,1108104
"GeForce GTX 950 (0)","bisectKernelLarge(float*, float*, unsigned int, float, float, unsigned int, unsigned int, float, unsigned int*, unsigned int*, float*, float*, unsigned int*, float*, float*, unsigned int*, unsigned int*, unsigned int*, unsigned int*)",100,"cf_issued","Issued Control-Flow Instructions",145824,145824,145824
"GeForce GTX 950 (0)","bisectKernelLarge(float*, float*, unsigned int, float, float, unsigned int, unsigned int, float, unsigned int*, unsigned int*, float*, float*, unsigned int*, float*, float*, unsigned int*, unsigned int*, unsigned int*, unsigned int*)",100,"cf_executed","Executed Control-Flow Instructions",145824,145824,145824
"GeForce GTX 950 (0)","bisectKernelLarge(float*, float*, unsigned int, float, float, unsigned int, unsigned int, float, unsigned int*, unsigned int*, float*, float*, unsigned int*, float*, float*, unsigned int*, unsigned int*, unsigned int*, unsigned int*)",100,"ldst_issued","Issued Load/Store Instructions",80604,80604,80604
"GeForce GTX 950 (0)","bisectKernelLarge(float*, float*, unsigned int, float, float, unsigned int, unsigned int, float, unsigned int*, unsigned int*, float*, float*, unsigned int*, float*, float*, unsigned int*, unsigned int*, unsigned int*, unsigned int*)",100,"ldst_executed","Executed Load/Store Instructions",77017,77017,77017
"GeForce GTX 950 (0)","bisectKernelLarge(float*, float*, unsigned int, float, float, unsigned int, unsigned int, float, unsigned int*, unsigned int*, float*, float*, unsigned int*, float*, float*, unsigned int*, unsigned int*, unsigned int*, unsigned int*)",100,"atomic_transactions","Atomic Transactions",0,0,0
"GeForce GTX 950 (0)","bisectKernelLarge(float*, float*, unsigned int, float, float, unsigned int, unsigned int, float, unsigned int*, unsigned int*, float*, float*, unsigned int*, float*, float*, unsigned int*, unsigned int*, unsigned int*, unsigned int*)",100,"atomic_transactions_per_request","Atomic Transactions Per Request",0.000000,0.000000,0.000000
"GeForce GTX 950 (0)","bisectKernelLarge(float*, float*, unsigned int, float, float, unsigned int, unsigned int, float, unsigned int*, unsigned int*, float*, float*, unsigned int*, float*, float*, unsigned int*, unsigned int*, unsigned int*, unsigned int*)",100,"stall_inst_fetch","Issue Stall Reasons (Instructions Fetch)",5.892900%,5.947252%,5.921842%
"GeForce GTX 950 (0)","bisectKernelLarge(float*, float*, unsigned int, float, float, unsigned int, unsigned int, float, unsigned int*, unsigned int*, float*, float*, unsigned int*, float*, float*, unsigned int*, unsigned int*, unsigned int*, unsigned int*)",100,"stall_exec_dependency","Issue Stall Reasons (Execution Dependency)",12.672250%,12.712786%,12.691851%
"GeForce GTX 950 (0)","bisectKernelLarge(float*, float*, unsigned int, float, float, unsigned int, unsigned int, float, unsigned int*, unsigned int*, float*, float*, unsigned int*, float*, float*, unsigned int*, unsigned int*, unsigned int*, unsigned int*)",100,"stall_memory_dependency","Issue Stall Reasons (Data Request)",0.378566%,0.387334%,0.382432%
"GeForce GTX 950 (0)","bisectKernelLarge(float*, float*, unsigned int, float, float, unsigned int, unsigned int, float, unsigned int*, unsigned int*, float*, float*, unsigned int*, float*, float*, unsigned int*, unsigned int*, unsigned int*, unsigned int*)",100,"stall_texture","Issue Stall Reasons (Texture)",0.000000%,0.000000%,0.000000%
"GeForce GTX 950 (0)","bisectKernelLarge(float*, float*, unsigned int, float, float, unsigned int, unsigned int, float, unsigned int*, unsigned int*, float*, float*, unsigned int*, float*, float*, unsigned int*, unsigned int*, unsigned int*, unsigned int*)",100,"stall_sync","Issue Stall Reasons (Synchronization)",78.237309%,78.325202%,78.283723%
"GeForce GTX 950 (0)","bisectKernelLarge(float*, float*, unsigned int, float, float, unsigned int, unsigned int, float, unsigned int*, unsigned int*, float*, float*, unsigned int*, float*, float*, unsigned int*, unsigned int*, unsigned int*, unsigned int*)",100,"stall_other","Issue Stall Reasons (Other)",2.665051%,2.670765%,2.667968%
"GeForce GTX 950 (0)","bisectKernelLarge(float*, float*, unsigned int, float, float, unsigned int, unsigned int, float, unsigned int*, unsigned int*, float*, float*, unsigned int*, float*, float*, unsigned int*, unsigned int*, unsigned int*, unsigned int*)",100,"stall_constant_memory_dependency","Issue Stall Reasons (Immediate constant)",0.007544%,0.010308%,0.007683%
"GeForce GTX 950 (0)","bisectKernelLarge(float*, float*, unsigned int, float, float, unsigned int, unsigned int, float, unsigned int*, unsigned int*, float*, float*, unsigned int*, float*, float*, unsigned int*, unsigned int*, unsigned int*, unsigned int*)",100,"stall_pipe_busy","Issue Stall Reasons (Pipe Busy)",0.004246%,0.006989%,0.005350%
"GeForce GTX 950 (0)","bisectKernelLarge(float*, float*, unsigned int, float, float, unsigned int, unsigned int, float, unsigned int*, unsigned int*, float*, float*, unsigned int*, float*, float*, unsigned int*, unsigned int*, unsigned int*, unsigned int*)",100,"stall_memory_throttle","Issue Stall Reasons (Memory Throttle)",0.000000%,0.000000%,0.000000%
"GeForce GTX 950 (0)","bisectKernelLarge(float*, float*, unsigned int, float, float, unsigned int, unsigned int, float, unsigned int*, unsigned int*, float*, float*, unsigned int*, float*, float*, unsigned int*, unsigned int*, unsigned int*, unsigned int*)",100,"stall_not_selected","Issue Stall Reasons (Not Selected)",0.025177%,0.050313%,0.039152%
"GeForce GTX 950 (0)","bisectKernelLarge(float*, float*, unsigned int, float, float, unsigned int, unsigned int, float, unsigned int*, unsigned int*, float*, float*, unsigned int*, float*, float*, unsigned int*, unsigned int*, unsigned int*, unsigned int*)",100,"sysmem_read_transactions","System Memory Read Transactions",0,0,0
"GeForce GTX 950 (0)","bisectKernelLarge(float*, float*, unsigned int, float, float, unsigned int, unsigned int, float, unsigned int*, unsigned int*, float*, float*, unsigned int*, float*, float*, unsigned int*, unsigned int*, unsigned int*, unsigned int*)",100,"sysmem_write_transactions","System Memory Write Transactions",5,5,5
"GeForce GTX 950 (0)","bisectKernelLarge(float*, float*, unsigned int, float, float, unsigned int, unsigned int, float, unsigned int*, unsigned int*, float*, float*, unsigned int*, float*, float*, unsigned int*, unsigned int*, unsigned int*, unsigned int*)",100,"l2_read_transactions","L2 Read Transactions",4951,5447,4969
"GeForce GTX 950 (0)","bisectKernelLarge(float*, float*, unsigned int, float, float, unsigned int, unsigned int, float, unsigned int*, unsigned int*, float*, float*, unsigned int*, float*, float*, unsigned int*, unsigned int*, unsigned int*, unsigned int*)",100,"l2_write_transactions","L2 Write Transactions",188,188,188
"GeForce GTX 950 (0)","bisectKernelLarge(float*, float*, unsigned int, float, float, unsigned int, unsigned int, float, unsigned int*, unsigned int*, float*, float*, unsigned int*, float*, float*, unsigned int*, unsigned int*, unsigned int*, unsigned int*)",100,"ecc_transactions","ECC Transactions",0,0,0
"GeForce GTX 950 (0)","bisectKernelLarge(float*, float*, unsigned int, float, float, unsigned int, unsigned int, float, unsigned int*, unsigned int*, float*, float*, unsigned int*, float*, float*, unsigned int*, unsigned int*, unsigned int*, unsigned int*)",100,"local_memory_overhead","Local Memory Overhead",0.000000%,0.000000%,0.000000%
"GeForce GTX 950 (0)","bisectKernelLarge(float*, float*, unsigned int, float, float, unsigned int, unsigned int, float, unsigned int*, unsigned int*, float*, float*, unsigned int*, float*, float*, unsigned int*, unsigned int*, unsigned int*, unsigned int*)",100,"tex_cache_hit_rate","Unified Cache Hit Rate",49.958211%,49.958211%,49.958211%
"GeForce GTX 950 (0)","bisectKernelLarge(float*, float*, unsigned int, float, float, unsigned int, unsigned int, float, unsigned int*, unsigned int*, float*, float*, unsigned int*, float*, float*, unsigned int*, unsigned int*, unsigned int*, unsigned int*)",100,"l2_tex_read_hit_rate","L2 Hit Rate (Texture Reads)",100.000000%,100.000000%,100.000000%
"GeForce GTX 950 (0)","bisectKernelLarge(float*, float*, unsigned int, float, float, unsigned int, unsigned int, float, unsigned int*, unsigned int*, float*, float*, unsigned int*, float*, float*, unsigned int*, unsigned int*, unsigned int*, unsigned int*)",100,"l2_tex_write_hit_rate","L2 Hit Rate (Texture Writes)",100.000000%,100.000000%,100.000000%
"GeForce GTX 950 (0)","bisectKernelLarge(float*, float*, unsigned int, float, float, unsigned int, unsigned int, float, unsigned int*, unsigned int*, float*, float*, unsigned int*, float*, float*, unsigned int*, unsigned int*, unsigned int*, unsigned int*)",100,"l2_tex_read_throughput","L2 Throughput (Texture Reads)",52.681128MB/s,52.700593MB/s,52.452087MB/s
"GeForce GTX 950 (0)","bisectKernelLarge(float*, float*, unsigned int, float, float, unsigned int, unsigned int, float, unsigned int*, unsigned int*, float*, float*, unsigned int*, float*, float*, unsigned int*, unsigned int*, unsigned int*, unsigned int*)",100,"l2_tex_write_throughput","L2 Throughput (Texture Writes)",2.080721MB/s,2.081490MB/s,1.907349MB/s
"GeForce GTX 950 (0)","bisectKernelLarge(float*, float*, unsigned int, float, float, unsigned int, unsigned int, float, unsigned int*, unsigned int*, float*, float*, unsigned int*, float*, float*, unsigned int*, unsigned int*, unsigned int*, unsigned int*)",100,"l2_tex_read_transactions","L2 Transactions (Texture Reads)",4608,4608,4608
"GeForce GTX 950 (0)","bisectKernelLarge(float*, float*, unsigned int, float, float, unsigned int, unsigned int, float, unsigned int*, unsigned int*, float*, float*, unsigned int*, float*, float*, unsigned int*, unsigned int*, unsigned int*, unsigned int*)",100,"l2_tex_write_transactions","L2 Transactions (Texture Writes)",182,182,182
"GeForce GTX 950 (0)","bisectKernelLarge(float*, float*, unsigned int, float, float, unsigned int, unsigned int, float, unsigned int*, unsigned int*, float*, float*, unsigned int*, float*, float*, unsigned int*, unsigned int*, unsigned int*, unsigned int*)",100,"l2_read_throughput","L2 Throughput (Reads)",56.602487MB/s,62.290620MB/s,56.266785MB/s
"GeForce GTX 950 (0)","bisectKernelLarge(float*, float*, unsigned int, float, float, unsigned int, unsigned int, float, unsigned int*, unsigned int*, float*, float*, unsigned int*, float*, float*, unsigned int*, unsigned int*, unsigned int*, unsigned int*)",100,"l2_write_throughput","L2 Throughput (Writes)",2.149317MB/s,2.150110MB/s,1.907349MB/s
"GeForce GTX 950 (0)","bisectKernelLarge(float*, float*, unsigned int, float, float, unsigned int, unsigned int, float, unsigned int*, unsigned int*, float*, float*, unsigned int*, float*, float*, unsigned int*, unsigned int*, unsigned int*, unsigned int*)",100,"sysmem_read_throughput","System Memory Read Throughput",0.000000B/s,0.000000B/s,0.000000B/s
"GeForce GTX 950 (0)","bisectKernelLarge(float*, float*, unsigned int, float, float, unsigned int, unsigned int, float, unsigned int*, unsigned int*, float*, float*, unsigned int*, float*, float*, unsigned int*, unsigned int*, unsigned int*, unsigned int*)",100,"sysmem_write_throughput","System Memory Write Throughput",58.534180KB/s,58.555664KB/s,0.000000B/s
"GeForce GTX 950 (0)","bisectKernelLarge(float*, float*, unsigned int, float, float, unsigned int, unsigned int, float, unsigned int*, unsigned int*, float*, float*, unsigned int*, float*, float*, unsigned int*, unsigned int*, unsigned int*, unsigned int*)",100,"l2_utilization","L2 Cache Utilization","Low (1)","Low (1)","Low (1)"
"GeForce GTX 950 (0)","bisectKernelLarge(float*, float*, unsigned int, float, float, unsigned int, unsigned int, float, unsigned int*, unsigned int*, float*, float*, unsigned int*, float*, float*, unsigned int*, unsigned int*, unsigned int*, unsigned int*)",100,"l2_atomic_throughput","L2 Throughput (Atomic requests)",0.000000B/s,0.000000B/s,0.000000B/s
"GeForce GTX 950 (0)","bisectKernelLarge(float*, float*, unsigned int, float, float, unsigned int, unsigned int, float, unsigned int*, unsigned int*, float*, float*, unsigned int*, float*, float*, unsigned int*, unsigned int*, unsigned int*, unsigned int*)",100,"l2_atomic_transactions","L2 Transactions (Atomic requests)",0,0,0
"GeForce GTX 950 (0)","bisectKernelLarge(float*, float*, unsigned int, float, float, unsigned int, unsigned int, float, unsigned int*, unsigned int*, float*, float*, unsigned int*, float*, float*, unsigned int*, unsigned int*, unsigned int*, unsigned int*)",100,"sysmem_utilization","System Memory Utilization","Low (1)","Low (1)","Low (1)"
"GeForce GTX 950 (0)","bisectKernelLarge(float*, float*, unsigned int, float, float, unsigned int, unsigned int, float, unsigned int*, unsigned int*, float*, float*, unsigned int*, float*, float*, unsigned int*, unsigned int*, unsigned int*, unsigned int*)",100,"ecc_throughput","ECC Throughput",0.000000B/s,0.000000B/s,0.000000B/s
"GeForce GTX 950 (0)","bisectKernelLarge(float*, float*, unsigned int, float, float, unsigned int, unsigned int, float, unsigned int*, unsigned int*, float*, float*, unsigned int*, float*, float*, unsigned int*, unsigned int*, unsigned int*, unsigned int*)",100,"sysmem_read_utilization","System Memory Read Utilization","Idle (0)","Idle (0)","Idle (0)"
"GeForce GTX 950 (0)","bisectKernelLarge(float*, float*, unsigned int, float, float, unsigned int, unsigned int, float, unsigned int*, unsigned int*, float*, float*, unsigned int*, float*, float*, unsigned int*, unsigned int*, unsigned int*, unsigned int*)",100,"sysmem_write_utilization","System Memory Write Utilization","Low (1)","Low (1)","Low (1)"
"GeForce GTX 950 (0)","bisectKernelLarge(float*, float*, unsigned int, float, float, unsigned int, unsigned int, float, unsigned int*, unsigned int*, float*, float*, unsigned int*, float*, float*, unsigned int*, unsigned int*, unsigned int*, unsigned int*)",100,"eligible_warps_per_cycle","Eligible Warps Per Active Cycle",0.287344,0.289409,0.288506
"GeForce GTX 950 (0)","bisectKernelLarge(float*, float*, unsigned int, float, float, unsigned int, unsigned int, float, unsigned int*, unsigned int*, float*, float*, unsigned int*, float*, float*, unsigned int*, unsigned int*, unsigned int*, unsigned int*)",100,"flop_sp_efficiency","FLOP Efficiency(Peak Single)",0.228967%,0.229375%,0.229186%
"GeForce GTX 950 (0)","bisectKernelLarge(float*, float*, unsigned int, float, float, unsigned int, unsigned int, float, unsigned int*, unsigned int*, float*, float*, unsigned int*, float*, float*, unsigned int*, unsigned int*, unsigned int*, unsigned int*)",100,"flop_dp_efficiency","FLOP Efficiency(Peak Double)",0.000000%,0.000000%,0.000000%
"GeForce GTX 950 (0)","bisectKernelLarge_OneIntervals(float*, float*, unsigned int, unsigned int, float*, float*, unsigned int*, float)",100,"sm_efficiency","Multiprocessor Activity",16.694011%,16.709168%,16.703117%
"GeForce GTX 950 (0)","bisectKernelLarge_OneIntervals(float*, float*, unsigned int, unsigned int, float*, float*, unsigned int*, float)",100,"achieved_occupancy","Achieved Occupancy",0.124999,0.124999,0.124999
"GeForce GTX 950 (0)","bisectKernelLarge_OneIntervals(float*, float*, unsigned int, unsigned int, float*, float*, unsigned int*, float)",100,"ipc","Executed IPC",0.161046,0.161107,0.161087
"GeForce GTX 950 (0)","bisectKernelLarge_OneIntervals(float*, float*, unsigned int, unsigned int, float*, float*, unsigned int*, float)",100,"issued_ipc","Issued IPC",0.161050,0.161117,0.161092
"GeForce GTX 950 (0)","bisectKernelLarge_OneIntervals(float*, float*, unsigned int, unsigned int, float*, float*, unsigned int*, float)",100,"inst_per_warp","Instructions per warp",95300.000000,95300.000000,95300.000000
"GeForce GTX 950 (0)","bisectKernelLarge_OneIntervals(float*, float*, unsigned int, unsigned int, float*, float*, unsigned int*, float)",100,"branch_efficiency","Branch Efficiency",100.000000%,100.000000%,100.000000%
"GeForce GTX 950 (0)","bisectKernelLarge_OneIntervals(float*, float*, unsigned int, unsigned int, float*, float*, unsigned int*, float)",100,"warp_execution_efficiency","Warp Execution Efficiency",100.000000%,100.000000%,100.000000%
"GeForce GTX 950 (0)","bisectKernelLarge_OneIntervals(float*, float*, unsigned int, unsigned int, float*, float*, unsigned int*, float)",100,"warp_nonpred_execution_efficiency","Warp Non-Predicated Execution Efficiency",96.958683%,96.958691%,96.958687%
"GeForce GTX 950 (0)","bisectKernelLarge_OneIntervals(float*, float*, unsigned int, unsigned int, float*, float*, unsigned int*, float)",100,"inst_replay_overhead","Instruction Replay Overhead",0.000030,0.000031,0.000031
"GeForce GTX 950 (0)","bisectKernelLarge_OneIntervals(float*, float*, unsigned int, unsigned int, float*, float*, unsigned int*, float)",100,"issue_slot_utilization","Issue Slot Utilization",3.422286%,3.423695%,3.423168%
"GeForce GTX 950 (0)","bisectKernelLarge_OneIntervals(float*, float*, unsigned int, unsigned int, float*, float*, unsigned int*, float)",100,"shared_load_transactions_per_request","Shared Memory Load Transactions Per Request",1.000000,1.000000,1.000000
"GeForce GTX 950 (0)","bisectKernelLarge_OneIntervals(float*, float*, unsigned int, unsigned int, float*, float*, unsigned int*, float)",100,"shared_store_transactions_per_request","Shared Memory Store Transactions Per Request",0.994719,0.994719,0.994719
"GeForce GTX 950 (0)","bisectKernelLarge_OneIntervals(float*, float*, unsigned int, unsigned int, float*, float*, unsigned int*, float)",100,"local_load_transactions_per_request","Local Memory Load Transactions Per Request",0.000000,0.000000,0.000000
"GeForce GTX 950 (0)","bisectKernelLarge_OneIntervals(float*, float*, unsigned int, unsigned int, float*, float*, unsigned int*, float)",100,"local_store_transactions_per_request","Local Memory Store Transactions Per Request",0.000000,0.000000,0.000000
"GeForce GTX 950 (0)","bisectKernelLarge_OneIntervals(float*, float*, unsigned int, unsigned int, float*, float*, unsigned int*, float)",100,"gld_transactions_per_request","Global Load Transactions Per Request",7.882682,7.882682,7.882682
"GeForce GTX 950 (0)","bisectKernelLarge_OneIntervals(float*, float*, unsigned int, unsigned int, float*, float*, unsigned int*, float)",100,"gst_transactions_per_request","Global Store Transactions Per Request",4.000000,4.000000,4.000000
"GeForce GTX 950 (0)","bisectKernelLarge_OneIntervals(float*, float*, unsigned int, unsigned int, float*, float*, unsigned int*, float)",100,"shared_store_transactions","Shared Store Transactions",1507,1507,1507
"GeForce GTX 950 (0)","bisectKernelLarge_OneIntervals(float*, float*, unsigned int, unsigned int, float*, float*, unsigned int*, float)",100,"shared_load_transactions","Shared Load Transactions",45144,45144,45144
"GeForce GTX 950 (0)","bisectKernelLarge_OneIntervals(float*, float*, unsigned int, unsigned int, float*, float*, unsigned int*, float)",100,"local_load_transactions","Local Load Transactions",0,0,0
"GeForce GTX 950 (0)","bisectKernelLarge_OneIntervals(float*, float*, unsigned int, unsigned int, float*, float*, unsigned int*, float)",100,"local_store_transactions","Local Store Transactions",0,0,0
"GeForce GTX 950 (0)","bisectKernelLarge_OneIntervals(float*, float*, unsigned int, unsigned int, float*, float*, unsigned int*, float)",100,"gld_transactions","Global Load Transactions",11288,11288,11288
"GeForce GTX 950 (0)","bisectKernelLarge_OneIntervals(float*, float*, unsigned int, unsigned int, float*, float*, unsigned int*, float)",100,"gst_transactions","Global Store Transactions",4,4,4
"GeForce GTX 950 (0)","bisectKernelLarge_OneIntervals(float*, float*, unsigned int, unsigned int, float*, float*, unsigned int*, float)",100,"dram_read_transactions","Device Memory Read Transactions",0,92,3
"GeForce GTX 950 (0)","bisectKernelLarge_OneIntervals(float*, float*, unsigned int, unsigned int, float*, float*, unsigned int*, float)",100,"dram_write_transactions","Device Memory Write Transactions",0,24,7
"GeForce GTX 950 (0)","bisectKernelLarge_OneIntervals(float*, float*, unsigned int, unsigned int, float*, float*, unsigned int*, float)",100,"global_hit_rate","Global Hit Rate",50.000000%,50.000000%,50.000000%
"GeForce GTX 950 (0)","bisectKernelLarge_OneIntervals(float*, float*, unsigned int, unsigned int, float*, float*, unsigned int*, float)",100,"local_hit_rate","Local Hit Rate",0.000000%,0.000000%,0.000000%
"GeForce GTX 950 (0)","bisectKernelLarge_OneIntervals(float*, float*, unsigned int, unsigned int, float*, float*, unsigned int*, float)",100,"gld_requested_throughput","Requested Global Load Throughput",52.927984MB/s,52.936947MB/s,52.452087MB/s
"GeForce GTX 950 (0)","bisectKernelLarge_OneIntervals(float*, float*, unsigned int, unsigned int, float*, float*, unsigned int*, float)",100,"gst_requested_throughput","Requested Global Store Throughput",38.411133KB/s,38.416992KB/s,0.000000B/s
"GeForce GTX 950 (0)","bisectKernelLarge_OneIntervals(float*, float*, unsigned int, unsigned int, float*, float*, unsigned int*, float)",100,"gld_throughput","Global Load Throughput",52.927984MB/s,52.936947MB/s,52.452087MB/s
"GeForce GTX 950 (0)","bisectKernelLarge_OneIntervals(float*, float*, unsigned int, unsigned int, float*, float*, unsigned int*, float)",100,"gst_throughput","Global Store Throughput",38.411133KB/s,38.416992KB/s,0.000000B/s
"GeForce GTX 950 (0)","bisectKernelLarge_OneIntervals(float*, float*, unsigned int, unsigned int, float*, float*, unsigned int*, float)",100,"dram_read_throughput","Device Memory Read Throughput",0.000000B/s,883.483398KB/s,0.000000B/s
"GeForce GTX 950 (0)","bisectKernelLarge_OneIntervals(float*, float*, unsigned int, unsigned int, float*, float*, unsigned int*, float)",100,"dram_write_throughput","Device Memory Write Throughput",0.000000B/s,230.473633KB/s,0.000000B/s
"GeForce GTX 950 (0)","bisectKernelLarge_OneIntervals(float*, float*, unsigned int, unsigned int, float*, float*, unsigned int*, float)",100,"tex_cache_throughput","Unified Cache Throughput",52.927984MB/s,52.936947MB/s,52.452087MB/s
"GeForce GTX 950 (0)","bisectKernelLarge_OneIntervals(float*, float*, unsigned int, unsigned int, float*, float*, unsigned int*, float)",100,"local_load_throughput","Local Memory Load Throughput",0.000000B/s,0.000000B/s,0.000000B/s
"GeForce GTX 950 (0)","bisectKernelLarge_OneIntervals(float*, float*, unsigned int, unsigned int, float*, float*, unsigned int*, float)",100,"local_store_throughput","Local Memory Store Throughput",0.000000B/s,0.000000B/s,0.000000B/s
"GeForce GTX 950 (0)","bisectKernelLarge_OneIntervals(float*, float*, unsigned int, unsigned int, float*, float*, unsigned int*, float)",100,"shared_load_throughput","Shared Memory Load Throughput",1.653706GB/s,1.653987GB/s,1.653098GB/s
"GeForce GTX 950 (0)","bisectKernelLarge_OneIntervals(float*, float*, unsigned int, unsigned int, float*, float*, unsigned int*, float)",100,"shared_store_throughput","Shared Memory Store Throughput",56.529037MB/s,56.538610MB/s,56.266785MB/s
"GeForce GTX 950 (0)","bisectKernelLarge_OneIntervals(float*, float*, unsigned int, unsigned int, float*, float*, unsigned int*, float)",100,"gld_efficiency","Global Memory Load Efficiency",100.000000%,100.000000%,100.000000%
"GeForce GTX 950 (0)","bisectKernelLarge_OneIntervals(float*, float*, unsigned int, unsigned int, float*, float*, unsigned int*, float)",100,"gst_efficiency","Global Memory Store Efficiency",100.000000%,100.000000%,100.000000%
"GeForce GTX 950 (0)","bisectKernelLarge_OneIntervals(float*, float*, unsigned int, unsigned int, float*, float*, unsigned int*, float)",100,"tex_cache_transactions","Unified Cache Transactions",5644,5644,5644
"GeForce GTX 950 (0)","bisectKernelLarge_OneIntervals(float*, float*, unsigned int, unsigned int, float*, float*, unsigned int*, float)",100,"cf_fu_utilization","Control-Flow Function Unit Utilization","Low (1)","Low (1)","Low (1)"
"GeForce GTX 950 (0)","bisectKernelLarge_OneIntervals(float*, float*, unsigned int, unsigned int, float*, float*, unsigned int*, float)",100,"tex_fu_utilization","Texture Function Unit Utilization","Low (1)","Low (1)","Low (1)"
"GeForce GTX 950 (0)","bisectKernelLarge_OneIntervals(float*, float*, unsigned int, unsigned int, float*, float*, unsigned int*, float)",100,"ldst_fu_utilization","Load/Store Function Unit Utilization","Low (1)","Low (1)","Low (1)"
"GeForce GTX 950 (0)","bisectKernelLarge_OneIntervals(float*, float*, unsigned int, unsigned int, float*, float*, unsigned int*, float)",100,"double_precision_fu_utilization","Double-Precision Function Unit Utilization","Idle (0)","Idle (0)","Idle (0)"
"GeForce GTX 950 (0)","bisectKernelLarge_OneIntervals(float*, float*, unsigned int, unsigned int, float*, float*, unsigned int*, float)",100,"special_fu_utilization","Special Function Unit Utilization","Low (1)","Low (1)","Low (1)"
"GeForce GTX 950 (0)","bisectKernelLarge_OneIntervals(float*, float*, unsigned int, unsigned int, float*, float*, unsigned int*, float)",100,"single_precision_fu_utilization","Single-Precision Function Unit Utilization","Low (1)","Low (1)","Low (1)"
"GeForce GTX 950 (0)","bisectKernelLarge_OneIntervals(float*, float*, unsigned int, unsigned int, float*, float*, unsigned int*, float)",100,"flop_count_dp","Floating Point Operations(Double Precision)",0,0,0
"GeForce GTX 950 (0)","bisectKernelLarge_OneIntervals(float*, float*, unsigned int, unsigned int, float*, float*, unsigned int*, float)",100,"flop_count_dp_add","Floating Point Operations(Double Precision Add)",0,0,0
"GeForce GTX 950 (0)","bisectKernelLarge_OneIntervals(float*, float*, unsigned int, unsigned int, float*, float*, unsigned int*, float)",100,"flop_count_dp_fma","Floating Point Operations(Double Precision FMA)",0,0,0
"GeForce GTX 950 (0)","bisectKernelLarge_OneIntervals(float*, float*, unsigned int, unsigned int, float*, float*, unsigned int*, float)",100,"flop_count_dp_mul","Floating Point Operations(Double Precision Mul)",0,0,0
"GeForce GTX 950 (0)","bisectKernelLarge_OneIntervals(float*, float*, unsigned int, unsigned int, float*, float*, unsigned int*, float)",100,"flop_count_sp","Floating Point Operations(Single Precision)",12973056,12973056,12973056
"GeForce GTX 950 (0)","bisectKernelLarge_OneIntervals(float*, float*, unsigned int, unsigned int, float*, float*, unsigned int*, float)",100,"flop_count_sp_add","Floating Point Operations(Single Precision Add)",2163424,2163424,2163424
"GeForce GTX 950 (0)","bisectKernelLarge_OneIntervals(float*, float*, unsigned int, unsigned int, float*, float*, unsigned int*, float)",100,"flop_count_sp_fma","Floating Point Operations(Single Precision FMA)",5044192,5044192,5044192
"GeForce GTX 950 (0)","bisectKernelLarge_OneIntervals(float*, float*, unsigned int, unsigned int, float*, float*, unsigned int*, float)",100,"flop_count_sp_mul","Floating Point Operation(Single Precision Mul)",721248,721248,721248
"GeForce GTX 950 (0)","bisectKernelLarge_OneIntervals(float*, float*, unsigned int, unsigned int, float*, float*, unsigned int*, float)",100,"flop_count_sp_special","Floating Point Operations(Single Precision Special)",720544,720544,720544
"GeForce GTX 950 (0)","bisectKernelLarge_OneIntervals(float*, float*, unsigned int, unsigned int, float*, float*, unsigned int*, float)",100,"inst_executed","Instructions Executed",762400,762400,762400
"GeForce GTX 950 (0)","bisectKernelLarge_OneIntervals(float*, float*, unsigned int, unsigned int, float*, float*, unsigned int*, float)",100,"inst_issued","Instructions Issued",762423,762424,762423
"GeForce GTX 950 (0)","bisectKernelLarge_OneIntervals(float*, float*, unsigned int, unsigned int, float*, float*, unsigned int*, float)",100,"dram_utilization","Device Memory Utilization","Idle (0)","Low (1)","Idle (0)"
"GeForce GTX 950 (0)","bisectKernelLarge_OneIntervals(float*, float*, unsigned int, unsigned int, float*, float*, unsigned int*, float)",100,"tex_utilization","Unified Cache Utilization","Low (1)","Low (1)","Low (1)"
"GeForce GTX 950 (0)","bisectKernelLarge_OneIntervals(float*, float*, unsigned int, unsigned int, float*, float*, unsigned int*, float)",100,"shared_efficiency","Shared Memory Efficiency",99.997923%,99.997923%,99.997923%
"GeForce GTX 950 (0)","bisectKernelLarge_OneIntervals(float*, float*, unsigned int, unsigned int, float*, float*, unsigned int*, float)",100,"shared_utilization","Shared Memory Utilization","Low (1)","Low (1)","Low (1)"
"GeForce GTX 950 (0)","bisectKernelLarge_OneIntervals(float*, float*, unsigned int, unsigned int, float*, float*, unsigned int*, float)",100,"inst_fp_32","FP Instructions(Single)",10095168,10095168,10095168
"GeForce GTX 950 (0)","bisectKernelLarge_OneIntervals(float*, float*, unsigned int, unsigned int, float*, float*, unsigned int*, float)",100,"inst_fp_64","FP Instructions(Double)",0,0,0
"GeForce GTX 950 (0)","bisectKernelLarge_OneIntervals(float*, float*, unsigned int, unsigned int, float*, float*, unsigned int*, float)",100,"inst_integer","Integer Instructions",5364000,5364000,5364000
"GeForce GTX 950 (0)","bisectKernelLarge_OneIntervals(float*, float*, unsigned int, unsigned int, float*, float*, unsigned int*, float)",100,"inst_bit_convert","Bit-Convert Instructions",0,0,0
"GeForce GTX 950 (0)","bisectKernelLarge_OneIntervals(float*, float*, unsigned int, unsigned int, float*, float*, unsigned int*, float)",100,"inst_control","Control-Flow Instructions",2240384,2240384,2240384
"GeForce GTX 950 (0)","bisectKernelLarge_OneIntervals(float*, float*, unsigned int, unsigned int, float*, float*, unsigned int*, float)",100,"inst_compute_ld_st","Load/Store Instructions",1537985,1537985,1537985
"GeForce GTX 950 (0)","bisectKernelLarge_OneIntervals(float*, float*, unsigned int, unsigned int, float*, float*, unsigned int*, float)",100,"inst_misc","Misc Instructions",4417280,4417280,4417280
"GeForce GTX 950 (0)","bisectKernelLarge_OneIntervals(float*, float*, unsigned int, unsigned int, float*, float*, unsigned int*, float)",100,"inst_inter_thread_communication","Inter-Thread Instructions",0,0,0
"GeForce GTX 950 (0)","bisectKernelLarge_OneIntervals(float*, float*, unsigned int, unsigned int, float*, float*, unsigned int*, float)",100,"issue_slots","Issue Slots",648053,648054,648053
"GeForce GTX 950 (0)","bisectKernelLarge_OneIntervals(float*, float*, unsigned int, unsigned int, float*, float*, unsigned int*, float)",100,"cf_issued","Issued Control-Flow Instructions",93117,93117,93117
"GeForce GTX 950 (0)","bisectKernelLarge_OneIntervals(float*, float*, unsigned int, unsigned int, float*, float*, unsigned int*, float)",100,"cf_executed","Executed Control-Flow Instructions",93117,93117,93117
"GeForce GTX 950 (0)","bisectKernelLarge_OneIntervals(float*, float*, unsigned int, unsigned int, float*, float*, unsigned int*, float)",100,"ldst_issued","Issued Load/Store Instructions",54003,54003,54003
"GeForce GTX 950 (0)","bisectKernelLarge_OneIntervals(float*, float*, unsigned int, unsigned int, float*, float*, unsigned int*, float)",100,"ldst_executed","Executed Load/Store Instructions",49788,49788,49788
"GeForce GTX 950 (0)","bisectKernelLarge_OneIntervals(float*, float*, unsigned int, unsigned int, float*, float*, unsigned int*, float)",100,"atomic_transactions","Atomic Transactions",0,0,0
"GeForce GTX 950 (0)","bisectKernelLarge_OneIntervals(float*, float*, unsigned int, unsigned int, float*, float*, unsigned int*, float)",100,"atomic_transactions_per_request","Atomic Transactions Per Request",0.000000,0.000000,0.000000
"GeForce GTX 950 (0)","bisectKernelLarge_OneIntervals(float*, float*, unsigned int, unsigned int, float*, float*, unsigned int*, float)",100,"stall_inst_fetch","Issue Stall Reasons (Instructions Fetch)",2.948065%,2.964289%,2.952004%
"GeForce GTX 950 (0)","bisectKernelLarge_OneIntervals(float*, float*, unsigned int, unsigned int, float*, float*, unsigned int*, float)",100,"stall_exec_dependency","Issue Stall Reasons (Execution Dependency)",6.838508%,6.841065%,6.840183%
"GeForce GTX 950 (0)","bisectKernelLarge_OneIntervals(float*, float*, unsigned int, unsigned int, float*, float*, unsigned int*, float)",100,"stall_memory_dependency","Issue Stall Reasons (Data Request)",0.376946%,0.384700%,0.380599%
"GeForce GTX 950 (0)","bisectKernelLarge_OneIntervals(float*, float*, unsigned int, unsigned int, float*, float*, unsigned int*, float)",100,"stall_texture","Issue Stall Reasons (Texture)",0.000000%,0.000000%,0.000000%
"GeForce GTX 950 (0)","bisectKernelLarge_OneIntervals(float*, float*, unsigned int, unsigned int, float*, float*, unsigned int*, float)",100,"stall_sync","Issue Stall Reasons (Synchronization)",88.355826%,88.375831%,88.368094%
"GeForce GTX 950 (0)","bisectKernelLarge_OneIntervals(float*, float*, unsigned int, unsigned int, float*, float*, unsigned int*, float)",100,"stall_other","Issue Stall Reasons (Other)",1.388095%,1.392557%,1.389394%
"GeForce GTX 950 (0)","bisectKernelLarge_OneIntervals(float*, float*, unsigned int, unsigned int, float*, float*, unsigned int*, float)",100,"stall_constant_memory_dependency","Issue Stall Reasons (Immediate constant)",0.007681%,0.008263%,0.007793%
"GeForce GTX 950 (0)","bisectKernelLarge_OneIntervals(float*, float*, unsigned int, unsigned int, float*, float*, unsigned int*, float)",100,"stall_pipe_busy","Issue Stall Reasons (Pipe Busy)",0.060965%,0.060993%,0.060981%
"GeForce GTX 950 (0)","bisectKernelLarge_OneIntervals(float*, float*, unsigned int, unsigned int, float*, float*, unsigned int*, float)",100,"stall_memory_throttle","Issue Stall Reasons (Memory Throttle)",0.000059%,0.000059%,0.000059%
"GeForce GTX 950 (0)","bisectKernelLarge_OneIntervals(float*, float*, unsigned int, unsigned int, float*, float*, unsigned int*, float)",100,"stall_not_selected","Issue Stall Reasons (Not Selected)",0.000814%,0.000989%,0.000891%
"GeForce GTX 950 (0)","bisectKernelLarge_OneIntervals(float*, float*, unsigned int, unsigned int, float*, float*, unsigned int*, float)",100,"sysmem_read_transactions","System Memory Read Transactions",0,0,0
"GeForce GTX 950 (0)","bisectKernelLarge_OneIntervals(float*, float*, unsigned int, unsigned int, float*, float*, unsigned int*, float)",100,"sysmem_write_transactions","System Memory Write Transactions",5,5,5
"GeForce GTX 950 (0)","bisectKernelLarge_OneIntervals(float*, float*, unsigned int, unsigned int, float*, float*, unsigned int*, float)",100,"l2_read_transactions","L2 Read Transactions",5675,5819,5710
"GeForce GTX 950 (0)","bisectKernelLarge_OneIntervals(float*, float*, unsigned int, unsigned int, float*, float*, unsigned int*, float)",100,"l2_write_transactions","L2 Write Transactions",10,10,10
"GeForce GTX 950 (0)","bisectKernelLarge_OneIntervals(float*, float*, unsigned int, unsigned int, float*, float*, unsigned int*, float)",100,"ecc_transactions","ECC Transactions",0,0,0
"GeForce GTX 950 (0)","bisectKernelLarge_OneIntervals(float*, float*, unsigned int, unsigned int, float*, float*, unsigned int*, float)",100,"local_memory_overhead","Local Memory Overhead",0.000000%,0.000000%,0.000000%
"GeForce GTX 950 (0)","bisectKernelLarge_OneIntervals(float*, float*, unsigned int, unsigned int, float*, float*, unsigned int*, float)",100,"tex_cache_hit_rate","Unified Cache Hit Rate",50.000000%,50.000000%,50.000000%
"GeForce GTX 950 (0)","bisectKernelLarge_OneIntervals(float*, float*, unsigned int, unsigned int, float*, float*, unsigned int*, float)",100,"l2_tex_read_hit_rate","L2 Hit Rate (Texture Reads)",100.000000%,100.000000%,100.000000%
"GeForce GTX 950 (0)","bisectKernelLarge_OneIntervals(float*, float*, unsigned int, unsigned int, float*, float*, unsigned int*, float)",100,"l2_tex_write_hit_rate","L2 Hit Rate (Texture Writes)",100.000000%,100.000000%,100.000000%
"GeForce GTX 950 (0)","bisectKernelLarge_OneIntervals(float*, float*, unsigned int, unsigned int, float*, float*, unsigned int*, float)",100,"l2_tex_read_throughput","L2 Throughput (Texture Reads)",52.927984MB/s,52.936947MB/s,52.452087MB/s
"GeForce GTX 950 (0)","bisectKernelLarge_OneIntervals(float*, float*, unsigned int, unsigned int, float*, float*, unsigned int*, float)",100,"l2_tex_write_throughput","L2 Throughput (Texture Writes)",38.411133KB/s,38.416992KB/s,0.000000B/s
"GeForce GTX 950 (0)","bisectKernelLarge_OneIntervals(float*, float*, unsigned int, unsigned int, float*, float*, unsigned int*, float)",100,"l2_tex_read_transactions","L2 Transactions (Texture Reads)",5644,5644,5644
"GeForce GTX 950 (0)","bisectKernelLarge_OneIntervals(float*, float*, unsigned int, unsigned int, float*, float*, unsigned int*, float)",100,"l2_tex_write_transactions","L2 Transactions (Texture Writes)",4,4,4
"GeForce GTX 950 (0)","bisectKernelLarge_OneIntervals(float*, float*, unsigned int, unsigned int, float*, float*, unsigned int*, float)",100,"l2_read_throughput","L2 Throughput (Reads)",53.218694MB/s,54.569894MB/s,52.452087MB/s
"GeForce GTX 950 (0)","bisectKernelLarge_OneIntervals(float*, float*, unsigned int, unsigned int, float*, float*, unsigned int*, float)",100,"l2_write_throughput","L2 Throughput (Writes)",96.027344KB/s,96.043945KB/s,0.000000B/s
"GeForce GTX 950 (0)","bisectKernelLarge_OneIntervals(float*, float*, unsigned int, unsigned int, float*, float*, unsigned int*, float)",100,"sysmem_read_throughput","System Memory Read Throughput",0.000000B/s,0.000000B/s,0.000000B/s
"GeForce GTX 950 (0)","bisectKernelLarge_OneIntervals(float*, float*, unsigned int, unsigned int, float*, float*, unsigned int*, float)",100,"sysmem_write_throughput","System Memory Write Throughput",48.013672KB/s,48.021484KB/s,0.000000B/s
"GeForce GTX 950 (0)","bisectKernelLarge_OneIntervals(float*, float*, unsigned int, unsigned int, float*, float*, unsigned int*, float)",100,"l2_utilization","L2 Cache Utilization","Low (1)","Low (1)","Low (1)"
"GeForce GTX 950 (0)","bisectKernelLarge_OneIntervals(float*, float*, unsigned int, unsigned int, float*, float*, unsigned int*, float)",100,"l2_atomic_throughput","L2 Throughput (Atomic requests)",0.000000B/s,0.000000B/s,0.000000B/s
"GeForce GTX 950 (0)","bisectKernelLarge_OneIntervals(float*, float*, unsigned int, unsigned int, float*, float*, unsigned int*, float)",100,"l2_atomic_transactions","L2 Transactions (Atomic requests)",0,0,0
"GeForce GTX 950 (0)","bisectKernelLarge_OneIntervals(float*, float*, unsigned int, unsigned int, float*, float*, unsigned int*, float)",100,"sysmem_utilization","System Memory Utilization","Low (1)","Low (1)","Low (1)"
"GeForce GTX 950 (0)","bisectKernelLarge_OneIntervals(float*, float*, unsigned int, unsigned int, float*, float*, unsigned int*, float)",100,"ecc_throughput","ECC Throughput",0.000000B/s,0.000000B/s,0.000000B/s
"GeForce GTX 950 (0)","bisectKernelLarge_OneIntervals(float*, float*, unsigned int, unsigned int, float*, float*, unsigned int*, float)",100,"sysmem_read_utilization","System Memory Read Utilization","Idle (0)","Idle (0)","Idle (0)"
"GeForce GTX 950 (0)","bisectKernelLarge_OneIntervals(float*, float*, unsigned int, unsigned int, float*, float*, unsigned int*, float)",100,"sysmem_write_utilization","System Memory Write Utilization","Low (1)","Low (1)","Low (1)"
"GeForce GTX 950 (0)","bisectKernelLarge_OneIntervals(float*, float*, unsigned int, unsigned int, float*, float*, unsigned int*, float)",100,"eligible_warps_per_cycle","Eligible Warps Per Active Cycle",0.136958,0.137015,0.136997
"GeForce GTX 950 (0)","bisectKernelLarge_OneIntervals(float*, float*, unsigned int, unsigned int, float*, float*, unsigned int*, float)",100,"flop_sp_efficiency","FLOP Efficiency(Peak Single)",0.178690%,0.178918%,0.178844%
"GeForce GTX 950 (0)","bisectKernelLarge_OneIntervals(float*, float*, unsigned int, unsigned int, float*, float*, unsigned int*, float)",100,"flop_dp_efficiency","FLOP Efficiency(Peak Double)",0.000000%,0.000000%,0.000000%
