==29130== NVPROF is profiling process 29130, command: ./scan
==29130== Profiling application: ./scan
==29130== Profiling result:
"Start","Duration","Grid X","Grid Y","Grid Z","Block X","Block Y","Block Z","Registers Per Thread","Static SMem","Dynamic SMem","Size","Throughput","Device","Context","Stream","Name"
ms,ms,,,,,,,,KB,B,MB,GB/s,,,,
656.426186,4.456795,,,,,,,,,,26.000000,5.697059,"GeForce GTX 950 (0)","1","7","[CUDA memcpy HtoD]"
660.991462,0.584228,6656,1,1,256,1,1,14,2.000000,0,,,"GeForce GTX 950 (0)","1","7","scanExclusiveShared(uint4*, uint4*, unsigned int) [213]"
661.578154,0.581571,6656,1,1,256,1,1,14,2.000000,0,,,"GeForce GTX 950 (0)","1","7","scanExclusiveShared(uint4*, uint4*, unsigned int) [219]"
662.161869,0.581636,6656,1,1,256,1,1,14,2.000000,0,,,"GeForce GTX 950 (0)","1","7","scanExclusiveShared(uint4*, uint4*, unsigned int) [225]"
662.745681,0.582211,6656,1,1,256,1,1,14,2.000000,0,,,"GeForce GTX 950 (0)","1","7","scanExclusiveShared(uint4*, uint4*, unsigned int) [231]"
663.330260,0.582020,6656,1,1,256,1,1,14,2.000000,0,,,"GeForce GTX 950 (0)","1","7","scanExclusiveShared(uint4*, uint4*, unsigned int) [237]"
663.914424,0.582276,6656,1,1,256,1,1,14,2.000000,0,,,"GeForce GTX 950 (0)","1","7","scanExclusiveShared(uint4*, uint4*, unsigned int) [243]"
664.498876,0.581475,6656,1,1,256,1,1,14,2.000000,0,,,"GeForce GTX 950 (0)","1","7","scanExclusiveShared(uint4*, uint4*, unsigned int) [249]"
665.082527,0.581412,6656,1,1,256,1,1,14,2.000000,0,,,"GeForce GTX 950 (0)","1","7","scanExclusiveShared(uint4*, uint4*, unsigned int) [255]"
665.666083,0.581667,6656,1,1,256,1,1,14,2.000000,0,,,"GeForce GTX 950 (0)","1","7","scanExclusiveShared(uint4*, uint4*, unsigned int) [261]"
666.249894,0.581092,6656,1,1,256,1,1,14,2.000000,0,,,"GeForce GTX 950 (0)","1","7","scanExclusiveShared(uint4*, uint4*, unsigned int) [267]"
666.833130,0.581636,6656,1,1,256,1,1,14,2.000000,0,,,"GeForce GTX 950 (0)","1","7","scanExclusiveShared(uint4*, uint4*, unsigned int) [273]"
667.416910,0.581955,6656,1,1,256,1,1,14,2.000000,0,,,"GeForce GTX 950 (0)","1","7","scanExclusiveShared(uint4*, uint4*, unsigned int) [279]"
668.001009,0.580996,6656,1,1,256,1,1,14,2.000000,0,,,"GeForce GTX 950 (0)","1","7","scanExclusiveShared(uint4*, uint4*, unsigned int) [285]"
668.584149,0.581859,6656,1,1,256,1,1,14,2.000000,0,,,"GeForce GTX 950 (0)","1","7","scanExclusiveShared(uint4*, uint4*, unsigned int) [291]"
669.168152,0.581156,6656,1,1,256,1,1,14,2.000000,0,,,"GeForce GTX 950 (0)","1","7","scanExclusiveShared(uint4*, uint4*, unsigned int) [297]"
669.751452,0.581508,6656,1,1,256,1,1,14,2.000000,0,,,"GeForce GTX 950 (0)","1","7","scanExclusiveShared(uint4*, uint4*, unsigned int) [303]"
670.335232,0.581795,6656,1,1,256,1,1,14,2.000000,0,,,"GeForce GTX 950 (0)","1","7","scanExclusiveShared(uint4*, uint4*, unsigned int) [309]"
670.919171,0.581540,6656,1,1,256,1,1,14,2.000000,0,,,"GeForce GTX 950 (0)","1","7","scanExclusiveShared(uint4*, uint4*, unsigned int) [315]"
671.502855,0.581539,6656,1,1,256,1,1,14,2.000000,0,,,"GeForce GTX 950 (0)","1","7","scanExclusiveShared(uint4*, uint4*, unsigned int) [321]"
672.086538,0.581636,6656,1,1,256,1,1,14,2.000000,0,,,"GeForce GTX 950 (0)","1","7","scanExclusiveShared(uint4*, uint4*, unsigned int) [327]"
672.670350,0.581763,6656,1,1,256,1,1,14,2.000000,0,,,"GeForce GTX 950 (0)","1","7","scanExclusiveShared(uint4*, uint4*, unsigned int) [333]"
673.254257,0.581828,6656,1,1,256,1,1,14,2.000000,0,,,"GeForce GTX 950 (0)","1","7","scanExclusiveShared(uint4*, uint4*, unsigned int) [339]"
673.838229,0.581156,6656,1,1,256,1,1,14,2.000000,0,,,"GeForce GTX 950 (0)","1","7","scanExclusiveShared(uint4*, uint4*, unsigned int) [345]"
674.421529,0.581315,6656,1,1,256,1,1,14,2.000000,0,,,"GeForce GTX 950 (0)","1","7","scanExclusiveShared(uint4*, uint4*, unsigned int) [351]"
675.004988,0.581156,6656,1,1,256,1,1,14,2.000000,0,,,"GeForce GTX 950 (0)","1","7","scanExclusiveShared(uint4*, uint4*, unsigned int) [357]"
675.588320,0.581507,6656,1,1,256,1,1,14,2.000000,0,,,"GeForce GTX 950 (0)","1","7","scanExclusiveShared(uint4*, uint4*, unsigned int) [363]"
676.171971,0.582532,6656,1,1,256,1,1,14,2.000000,0,,,"GeForce GTX 950 (0)","1","7","scanExclusiveShared(uint4*, uint4*, unsigned int) [369]"
676.756647,0.581828,6656,1,1,256,1,1,14,2.000000,0,,,"GeForce GTX 950 (0)","1","7","scanExclusiveShared(uint4*, uint4*, unsigned int) [375]"
677.340619,0.581411,6656,1,1,256,1,1,14,2.000000,0,,,"GeForce GTX 950 (0)","1","7","scanExclusiveShared(uint4*, uint4*, unsigned int) [381]"
677.924206,0.581540,6656,1,1,256,1,1,14,2.000000,0,,,"GeForce GTX 950 (0)","1","7","scanExclusiveShared(uint4*, uint4*, unsigned int) [387]"
678.507890,0.581603,6656,1,1,256,1,1,14,2.000000,0,,,"GeForce GTX 950 (0)","1","7","scanExclusiveShared(uint4*, uint4*, unsigned int) [393]"
679.091669,0.581636,6656,1,1,256,1,1,14,2.000000,0,,,"GeForce GTX 950 (0)","1","7","scanExclusiveShared(uint4*, uint4*, unsigned int) [399]"
679.675481,0.582691,6656,1,1,256,1,1,14,2.000000,0,,,"GeForce GTX 950 (0)","1","7","scanExclusiveShared(uint4*, uint4*, unsigned int) [405]"
680.260348,0.581668,6656,1,1,256,1,1,14,2.000000,0,,,"GeForce GTX 950 (0)","1","7","scanExclusiveShared(uint4*, uint4*, unsigned int) [411]"
680.844160,0.581220,6656,1,1,256,1,1,14,2.000000,0,,,"GeForce GTX 950 (0)","1","7","scanExclusiveShared(uint4*, uint4*, unsigned int) [417]"
681.427524,0.581987,6656,1,1,256,1,1,14,2.000000,0,,,"GeForce GTX 950 (0)","1","7","scanExclusiveShared(uint4*, uint4*, unsigned int) [423]"
682.011655,0.581796,6656,1,1,256,1,1,14,2.000000,0,,,"GeForce GTX 950 (0)","1","7","scanExclusiveShared(uint4*, uint4*, unsigned int) [429]"
682.595595,0.582307,6656,1,1,256,1,1,14,2.000000,0,,,"GeForce GTX 950 (0)","1","7","scanExclusiveShared(uint4*, uint4*, unsigned int) [435]"
683.180206,0.581220,6656,1,1,256,1,1,14,2.000000,0,,,"GeForce GTX 950 (0)","1","7","scanExclusiveShared(uint4*, uint4*, unsigned int) [441]"
683.763570,0.582020,6656,1,1,256,1,1,14,2.000000,0,,,"GeForce GTX 950 (0)","1","7","scanExclusiveShared(uint4*, uint4*, unsigned int) [447]"
684.347734,0.581283,6656,1,1,256,1,1,14,2.000000,0,,,"GeForce GTX 950 (0)","1","7","scanExclusiveShared(uint4*, uint4*, unsigned int) [453]"
684.931417,0.581476,6656,1,1,256,1,1,14,2.000000,0,,,"GeForce GTX 950 (0)","1","7","scanExclusiveShared(uint4*, uint4*, unsigned int) [459]"
685.515069,0.581507,6656,1,1,256,1,1,14,2.000000,0,,,"GeForce GTX 950 (0)","1","7","scanExclusiveShared(uint4*, uint4*, unsigned int) [465]"
686.098752,0.582596,6656,1,1,256,1,1,14,2.000000,0,,,"GeForce GTX 950 (0)","1","7","scanExclusiveShared(uint4*, uint4*, unsigned int) [471]"
686.683524,0.581604,6656,1,1,256,1,1,14,2.000000,0,,,"GeForce GTX 950 (0)","1","7","scanExclusiveShared(uint4*, uint4*, unsigned int) [477]"
687.267304,0.581891,6656,1,1,256,1,1,14,2.000000,0,,,"GeForce GTX 950 (0)","1","7","scanExclusiveShared(uint4*, uint4*, unsigned int) [483]"
687.851371,0.582820,6656,1,1,256,1,1,14,2.000000,0,,,"GeForce GTX 950 (0)","1","7","scanExclusiveShared(uint4*, uint4*, unsigned int) [489]"
688.436335,0.582467,6656,1,1,256,1,1,14,2.000000,0,,,"GeForce GTX 950 (0)","1","7","scanExclusiveShared(uint4*, uint4*, unsigned int) [495]"
689.020946,0.581124,6656,1,1,256,1,1,14,2.000000,0,,,"GeForce GTX 950 (0)","1","7","scanExclusiveShared(uint4*, uint4*, unsigned int) [501]"
689.604246,0.581027,6656,1,1,256,1,1,14,2.000000,0,,,"GeForce GTX 950 (0)","1","7","scanExclusiveShared(uint4*, uint4*, unsigned int) [507]"
690.187449,0.581956,6656,1,1,256,1,1,14,2.000000,0,,,"GeForce GTX 950 (0)","1","7","scanExclusiveShared(uint4*, uint4*, unsigned int) [513]"
690.771581,0.581028,6656,1,1,256,1,1,14,2.000000,0,,,"GeForce GTX 950 (0)","1","7","scanExclusiveShared(uint4*, uint4*, unsigned int) [519]"
691.354753,0.581987,6656,1,1,256,1,1,14,2.000000,0,,,"GeForce GTX 950 (0)","1","7","scanExclusiveShared(uint4*, uint4*, unsigned int) [525]"
691.938884,0.580932,6656,1,1,256,1,1,14,2.000000,0,,,"GeForce GTX 950 (0)","1","7","scanExclusiveShared(uint4*, uint4*, unsigned int) [531]"
692.522088,0.581475,6656,1,1,256,1,1,14,2.000000,0,,,"GeForce GTX 950 (0)","1","7","scanExclusiveShared(uint4*, uint4*, unsigned int) [537]"
693.105707,0.582884,6656,1,1,256,1,1,14,2.000000,0,,,"GeForce GTX 950 (0)","1","7","scanExclusiveShared(uint4*, uint4*, unsigned int) [543]"
693.690735,0.581348,6656,1,1,256,1,1,14,2.000000,0,,,"GeForce GTX 950 (0)","1","7","scanExclusiveShared(uint4*, uint4*, unsigned int) [549]"
694.274227,0.581283,6656,1,1,256,1,1,14,2.000000,0,,,"GeForce GTX 950 (0)","1","7","scanExclusiveShared(uint4*, uint4*, unsigned int) [555]"
694.857654,0.580836,6656,1,1,256,1,1,14,2.000000,0,,,"GeForce GTX 950 (0)","1","7","scanExclusiveShared(uint4*, uint4*, unsigned int) [561]"
695.440634,0.581571,6656,1,1,256,1,1,14,2.000000,0,,,"GeForce GTX 950 (0)","1","7","scanExclusiveShared(uint4*, uint4*, unsigned int) [567]"
696.024349,0.581860,6656,1,1,256,1,1,14,2.000000,0,,,"GeForce GTX 950 (0)","1","7","scanExclusiveShared(uint4*, uint4*, unsigned int) [573]"
696.608385,0.582340,6656,1,1,256,1,1,14,2.000000,0,,,"GeForce GTX 950 (0)","1","7","scanExclusiveShared(uint4*, uint4*, unsigned int) [579]"
697.192869,0.581411,6656,1,1,256,1,1,14,2.000000,0,,,"GeForce GTX 950 (0)","1","7","scanExclusiveShared(uint4*, uint4*, unsigned int) [585]"
697.776424,0.581956,6656,1,1,256,1,1,14,2.000000,0,,,"GeForce GTX 950 (0)","1","7","scanExclusiveShared(uint4*, uint4*, unsigned int) [591]"
698.360556,0.582083,6656,1,1,256,1,1,14,2.000000,0,,,"GeForce GTX 950 (0)","1","7","scanExclusiveShared(uint4*, uint4*, unsigned int) [597]"
698.944783,0.581348,6656,1,1,256,1,1,14,2.000000,0,,,"GeForce GTX 950 (0)","1","7","scanExclusiveShared(uint4*, uint4*, unsigned int) [603]"
699.528275,0.581411,6656,1,1,256,1,1,14,2.000000,0,,,"GeForce GTX 950 (0)","1","7","scanExclusiveShared(uint4*, uint4*, unsigned int) [609]"
700.111862,0.581284,6656,1,1,256,1,1,14,2.000000,0,,,"GeForce GTX 950 (0)","1","7","scanExclusiveShared(uint4*, uint4*, unsigned int) [615]"
700.695322,0.581348,6656,1,1,256,1,1,14,2.000000,0,,,"GeForce GTX 950 (0)","1","7","scanExclusiveShared(uint4*, uint4*, unsigned int) [621]"
701.278846,0.580803,6656,1,1,256,1,1,14,2.000000,0,,,"GeForce GTX 950 (0)","1","7","scanExclusiveShared(uint4*, uint4*, unsigned int) [627]"
701.861825,0.581700,6656,1,1,256,1,1,14,2.000000,0,,,"GeForce GTX 950 (0)","1","7","scanExclusiveShared(uint4*, uint4*, unsigned int) [633]"
702.445701,0.582019,6656,1,1,256,1,1,14,2.000000,0,,,"GeForce GTX 950 (0)","1","7","scanExclusiveShared(uint4*, uint4*, unsigned int) [639]"
703.029864,0.581316,6656,1,1,256,1,1,14,2.000000,0,,,"GeForce GTX 950 (0)","1","7","scanExclusiveShared(uint4*, uint4*, unsigned int) [645]"
703.613356,0.581540,6656,1,1,256,1,1,14,2.000000,0,,,"GeForce GTX 950 (0)","1","7","scanExclusiveShared(uint4*, uint4*, unsigned int) [651]"
704.197040,0.582051,6656,1,1,256,1,1,14,2.000000,0,,,"GeForce GTX 950 (0)","1","7","scanExclusiveShared(uint4*, uint4*, unsigned int) [657]"
704.781363,0.581476,6656,1,1,256,1,1,14,2.000000,0,,,"GeForce GTX 950 (0)","1","7","scanExclusiveShared(uint4*, uint4*, unsigned int) [663]"
705.364983,0.582691,6656,1,1,256,1,1,14,2.000000,0,,,"GeForce GTX 950 (0)","1","7","scanExclusiveShared(uint4*, uint4*, unsigned int) [669]"
705.949818,0.580964,6656,1,1,256,1,1,14,2.000000,0,,,"GeForce GTX 950 (0)","1","7","scanExclusiveShared(uint4*, uint4*, unsigned int) [675]"
706.532958,0.582243,6656,1,1,256,1,1,14,2.000000,0,,,"GeForce GTX 950 (0)","1","7","scanExclusiveShared(uint4*, uint4*, unsigned int) [681]"
707.117377,0.581412,6656,1,1,256,1,1,14,2.000000,0,,,"GeForce GTX 950 (0)","1","7","scanExclusiveShared(uint4*, uint4*, unsigned int) [687]"
707.700933,0.581796,6656,1,1,256,1,1,14,2.000000,0,,,"GeForce GTX 950 (0)","1","7","scanExclusiveShared(uint4*, uint4*, unsigned int) [693]"
708.284873,0.581283,6656,1,1,256,1,1,14,2.000000,0,,,"GeForce GTX 950 (0)","1","7","scanExclusiveShared(uint4*, uint4*, unsigned int) [699]"
708.868332,0.581412,6656,1,1,256,1,1,14,2.000000,0,,,"GeForce GTX 950 (0)","1","7","scanExclusiveShared(uint4*, uint4*, unsigned int) [705]"
709.451920,0.582403,6656,1,1,256,1,1,14,2.000000,0,,,"GeForce GTX 950 (0)","1","7","scanExclusiveShared(uint4*, uint4*, unsigned int) [711]"
710.036467,0.581956,6656,1,1,256,1,1,14,2.000000,0,,,"GeForce GTX 950 (0)","1","7","scanExclusiveShared(uint4*, uint4*, unsigned int) [717]"
710.620599,0.581764,6656,1,1,256,1,1,14,2.000000,0,,,"GeForce GTX 950 (0)","1","7","scanExclusiveShared(uint4*, uint4*, unsigned int) [723]"
711.204507,0.581891,6656,1,1,256,1,1,14,2.000000,0,,,"GeForce GTX 950 (0)","1","7","scanExclusiveShared(uint4*, uint4*, unsigned int) [729]"
711.788542,0.581636,6656,1,1,256,1,1,14,2.000000,0,,,"GeForce GTX 950 (0)","1","7","scanExclusiveShared(uint4*, uint4*, unsigned int) [735]"
712.372578,0.581315,6656,1,1,256,1,1,14,2.000000,0,,,"GeForce GTX 950 (0)","1","7","scanExclusiveShared(uint4*, uint4*, unsigned int) [741]"
712.956037,0.581764,6656,1,1,256,1,1,14,2.000000,0,,,"GeForce GTX 950 (0)","1","7","scanExclusiveShared(uint4*, uint4*, unsigned int) [747]"
713.539945,0.581572,6656,1,1,256,1,1,14,2.000000,0,,,"GeForce GTX 950 (0)","1","7","scanExclusiveShared(uint4*, uint4*, unsigned int) [753]"
714.123789,0.581699,6656,1,1,256,1,1,14,2.000000,0,,,"GeForce GTX 950 (0)","1","7","scanExclusiveShared(uint4*, uint4*, unsigned int) [759]"
714.707664,0.582788,6656,1,1,256,1,1,14,2.000000,0,,,"GeForce GTX 950 (0)","1","7","scanExclusiveShared(uint4*, uint4*, unsigned int) [765]"
715.292596,0.580963,6656,1,1,256,1,1,14,2.000000,0,,,"GeForce GTX 950 (0)","1","7","scanExclusiveShared(uint4*, uint4*, unsigned int) [771]"
715.875735,0.581476,6656,1,1,256,1,1,14,2.000000,0,,,"GeForce GTX 950 (0)","1","7","scanExclusiveShared(uint4*, uint4*, unsigned int) [777]"
716.459355,0.582083,6656,1,1,256,1,1,14,2.000000,0,,,"GeForce GTX 950 (0)","1","7","scanExclusiveShared(uint4*, uint4*, unsigned int) [783]"
717.043614,0.582148,6656,1,1,256,1,1,14,2.000000,0,,,"GeForce GTX 950 (0)","1","7","scanExclusiveShared(uint4*, uint4*, unsigned int) [789]"
717.627938,0.581028,6656,1,1,256,1,1,14,2.000000,0,,,"GeForce GTX 950 (0)","1","7","scanExclusiveShared(uint4*, uint4*, unsigned int) [795]"
718.211142,0.581411,6656,1,1,256,1,1,14,2.000000,0,,,"GeForce GTX 950 (0)","1","7","scanExclusiveShared(uint4*, uint4*, unsigned int) [801]"
718.794697,0.581572,6656,1,1,256,1,1,14,2.000000,0,,,"GeForce GTX 950 (0)","1","7","scanExclusiveShared(uint4*, uint4*, unsigned int) [807]"
719.402797,5.537762,,,,,,,,,,26.000000,4.584998,"GeForce GTX 950 (0)","1","7","[CUDA memcpy DtoH]"
751.807700,0.583204,6656,1,1,256,1,1,14,2.000000,0,,,"GeForce GTX 950 (0)","1","7","scanExclusiveShared(uint4*, uint4*, unsigned int) [816]"
752.393336,0.014848,26,1,1,256,1,1,11,2.000000,0,,,"GeForce GTX 950 (0)","1","7","scanExclusiveShared2(unsigned int*, unsigned int*, unsigned int*, unsigned int, unsigned int) [824]"
752.410584,0.584451,6656,1,1,256,1,1,8,0.003906,0,,,"GeForce GTX 950 (0)","1","7","uniformUpdate(uint4*, unsigned int*) [829]"
752.997179,0.583204,6656,1,1,256,1,1,14,2.000000,0,,,"GeForce GTX 950 (0)","1","7","scanExclusiveShared(uint4*, uint4*, unsigned int) [835]"
753.582527,0.012000,26,1,1,256,1,1,11,2.000000,0,,,"GeForce GTX 950 (0)","1","7","scanExclusiveShared2(unsigned int*, unsigned int*, unsigned int*, unsigned int, unsigned int) [843]"
753.596863,0.580708,6656,1,1,256,1,1,8,0.003906,0,,,"GeForce GTX 950 (0)","1","7","uniformUpdate(uint4*, unsigned int*) [848]"
754.179715,0.583043,6656,1,1,256,1,1,14,2.000000,0,,,"GeForce GTX 950 (0)","1","7","scanExclusiveShared(uint4*, uint4*, unsigned int) [854]"
754.764902,0.011904,26,1,1,256,1,1,11,2.000000,0,,,"GeForce GTX 950 (0)","1","7","scanExclusiveShared2(unsigned int*, unsigned int*, unsigned int*, unsigned int, unsigned int) [862]"
754.778950,0.581412,6656,1,1,256,1,1,8,0.003906,0,,,"GeForce GTX 950 (0)","1","7","uniformUpdate(uint4*, unsigned int*) [867]"
755.362506,0.583523,6656,1,1,256,1,1,14,2.000000,0,,,"GeForce GTX 950 (0)","1","7","scanExclusiveShared(uint4*, uint4*, unsigned int) [873]"
755.948206,0.011072,26,1,1,256,1,1,11,2.000000,0,,,"GeForce GTX 950 (0)","1","7","scanExclusiveShared2(unsigned int*, unsigned int*, unsigned int*, unsigned int, unsigned int) [881]"
755.961454,0.580899,6656,1,1,256,1,1,8,0.003906,0,,,"GeForce GTX 950 (0)","1","7","uniformUpdate(uint4*, unsigned int*) [886]"
756.544497,0.583044,6656,1,1,256,1,1,14,2.000000,0,,,"GeForce GTX 950 (0)","1","7","scanExclusiveShared(uint4*, uint4*, unsigned int) [892]"
757.129685,0.010752,26,1,1,256,1,1,11,2.000000,0,,,"GeForce GTX 950 (0)","1","7","scanExclusiveShared2(unsigned int*, unsigned int*, unsigned int*, unsigned int, unsigned int) [900]"
757.142581,0.593955,6656,1,1,256,1,1,8,0.003906,0,,,"GeForce GTX 950 (0)","1","7","uniformUpdate(uint4*, unsigned int*) [905]"
757.739097,0.614467,6656,1,1,256,1,1,14,2.000000,0,,,"GeForce GTX 950 (0)","1","7","scanExclusiveShared(uint4*, uint4*, unsigned int) [911]"
758.355548,0.011200,26,1,1,256,1,1,11,2.000000,0,,,"GeForce GTX 950 (0)","1","7","scanExclusiveShared2(unsigned int*, unsigned int*, unsigned int*, unsigned int, unsigned int) [919]"
758.368732,0.580868,6656,1,1,256,1,1,8,0.003906,0,,,"GeForce GTX 950 (0)","1","7","uniformUpdate(uint4*, unsigned int*) [924]"
758.951616,0.581860,6656,1,1,256,1,1,14,2.000000,0,,,"GeForce GTX 950 (0)","1","7","scanExclusiveShared(uint4*, uint4*, unsigned int) [930]"
759.535492,0.012512,26,1,1,256,1,1,11,2.000000,0,,,"GeForce GTX 950 (0)","1","7","scanExclusiveShared2(unsigned int*, unsigned int*, unsigned int*, unsigned int, unsigned int) [938]"
759.549988,0.581123,6656,1,1,256,1,1,8,0.003906,0,,,"GeForce GTX 950 (0)","1","7","uniformUpdate(uint4*, unsigned int*) [943]"
760.133063,0.582436,6656,1,1,256,1,1,14,2.000000,0,,,"GeForce GTX 950 (0)","1","7","scanExclusiveShared(uint4*, uint4*, unsigned int) [949]"
760.717483,0.013472,26,1,1,256,1,1,11,2.000000,0,,,"GeForce GTX 950 (0)","1","7","scanExclusiveShared2(unsigned int*, unsigned int*, unsigned int*, unsigned int, unsigned int) [957]"
760.732939,0.581123,6656,1,1,256,1,1,8,0.003906,0,,,"GeForce GTX 950 (0)","1","7","uniformUpdate(uint4*, unsigned int*) [962]"
761.316046,0.581796,6656,1,1,256,1,1,14,2.000000,0,,,"GeForce GTX 950 (0)","1","7","scanExclusiveShared(uint4*, uint4*, unsigned int) [968]"
761.899826,0.010592,26,1,1,256,1,1,11,2.000000,0,,,"GeForce GTX 950 (0)","1","7","scanExclusiveShared2(unsigned int*, unsigned int*, unsigned int*, unsigned int, unsigned int) [976]"
761.912402,0.580676,6656,1,1,256,1,1,8,0.003906,0,,,"GeForce GTX 950 (0)","1","7","uniformUpdate(uint4*, unsigned int*) [981]"
762.495062,0.582211,6656,1,1,256,1,1,14,2.000000,0,,,"GeForce GTX 950 (0)","1","7","scanExclusiveShared(uint4*, uint4*, unsigned int) [987]"
763.079257,0.013440,26,1,1,256,1,1,11,2.000000,0,,,"GeForce GTX 950 (0)","1","7","scanExclusiveShared2(unsigned int*, unsigned int*, unsigned int*, unsigned int, unsigned int) [995]"
763.094681,0.580804,6656,1,1,256,1,1,8,0.003906,0,,,"GeForce GTX 950 (0)","1","7","uniformUpdate(uint4*, unsigned int*) [1000]"
763.677469,0.582756,6656,1,1,256,1,1,14,2.000000,0,,,"GeForce GTX 950 (0)","1","7","scanExclusiveShared(uint4*, uint4*, unsigned int) [1006]"
764.262209,0.011584,26,1,1,256,1,1,11,2.000000,0,,,"GeForce GTX 950 (0)","1","7","scanExclusiveShared2(unsigned int*, unsigned int*, unsigned int*, unsigned int, unsigned int) [1014]"
764.275777,0.581251,6656,1,1,256,1,1,8,0.003906,0,,,"GeForce GTX 950 (0)","1","7","uniformUpdate(uint4*, unsigned int*) [1019]"
764.859012,0.582308,6656,1,1,256,1,1,14,2.000000,0,,,"GeForce GTX 950 (0)","1","7","scanExclusiveShared(uint4*, uint4*, unsigned int) [1025]"
765.443304,0.012160,26,1,1,256,1,1,11,2.000000,0,,,"GeForce GTX 950 (0)","1","7","scanExclusiveShared2(unsigned int*, unsigned int*, unsigned int*, unsigned int, unsigned int) [1033]"
765.457448,0.581796,6656,1,1,256,1,1,8,0.003906,0,,,"GeForce GTX 950 (0)","1","7","uniformUpdate(uint4*, unsigned int*) [1038]"
766.041228,0.582403,6656,1,1,256,1,1,14,2.000000,0,,,"GeForce GTX 950 (0)","1","7","scanExclusiveShared(uint4*, uint4*, unsigned int) [1044]"
766.625615,0.013312,26,1,1,256,1,1,11,2.000000,0,,,"GeForce GTX 950 (0)","1","7","scanExclusiveShared2(unsigned int*, unsigned int*, unsigned int*, unsigned int, unsigned int) [1052]"
766.640943,0.581252,6656,1,1,256,1,1,8,0.003906,0,,,"GeForce GTX 950 (0)","1","7","uniformUpdate(uint4*, unsigned int*) [1057]"
767.224211,0.582499,6656,1,1,256,1,1,14,2.000000,0,,,"GeForce GTX 950 (0)","1","7","scanExclusiveShared(uint4*, uint4*, unsigned int) [1063]"
767.808694,0.010528,26,1,1,256,1,1,11,2.000000,0,,,"GeForce GTX 950 (0)","1","7","scanExclusiveShared2(unsigned int*, unsigned int*, unsigned int*, unsigned int, unsigned int) [1071]"
767.821206,0.580676,6656,1,1,256,1,1,8,0.003906,0,,,"GeForce GTX 950 (0)","1","7","uniformUpdate(uint4*, unsigned int*) [1076]"
768.404058,0.581412,6656,1,1,256,1,1,14,2.000000,0,,,"GeForce GTX 950 (0)","1","7","scanExclusiveShared(uint4*, uint4*, unsigned int) [1082]"
768.987454,0.011328,26,1,1,256,1,1,11,2.000000,0,,,"GeForce GTX 950 (0)","1","7","scanExclusiveShared2(unsigned int*, unsigned int*, unsigned int*, unsigned int, unsigned int) [1090]"
769.000798,0.580803,6656,1,1,256,1,1,8,0.003906,0,,,"GeForce GTX 950 (0)","1","7","uniformUpdate(uint4*, unsigned int*) [1095]"
769.583585,0.582308,6656,1,1,256,1,1,14,2.000000,0,,,"GeForce GTX 950 (0)","1","7","scanExclusiveShared(uint4*, uint4*, unsigned int) [1101]"
770.167877,0.011072,26,1,1,256,1,1,11,2.000000,0,,,"GeForce GTX 950 (0)","1","7","scanExclusiveShared2(unsigned int*, unsigned int*, unsigned int*, unsigned int, unsigned int) [1109]"
770.180933,0.580836,6656,1,1,256,1,1,8,0.003906,0,,,"GeForce GTX 950 (0)","1","7","uniformUpdate(uint4*, unsigned int*) [1114]"
770.763753,0.581571,6656,1,1,256,1,1,14,2.000000,0,,,"GeForce GTX 950 (0)","1","7","scanExclusiveShared(uint4*, uint4*, unsigned int) [1120]"
771.347308,0.011936,26,1,1,256,1,1,11,2.000000,0,,,"GeForce GTX 950 (0)","1","7","scanExclusiveShared2(unsigned int*, unsigned int*, unsigned int*, unsigned int, unsigned int) [1128]"
771.361228,0.580868,6656,1,1,256,1,1,8,0.003906,0,,,"GeForce GTX 950 (0)","1","7","uniformUpdate(uint4*, unsigned int*) [1133]"
771.944080,0.582627,6656,1,1,256,1,1,14,2.000000,0,,,"GeForce GTX 950 (0)","1","7","scanExclusiveShared(uint4*, uint4*, unsigned int) [1139]"
772.528691,0.011200,26,1,1,256,1,1,11,2.000000,0,,,"GeForce GTX 950 (0)","1","7","scanExclusiveShared2(unsigned int*, unsigned int*, unsigned int*, unsigned int, unsigned int) [1147]"
772.541875,0.580676,6656,1,1,256,1,1,8,0.003906,0,,,"GeForce GTX 950 (0)","1","7","uniformUpdate(uint4*, unsigned int*) [1152]"
773.124503,0.582692,6656,1,1,256,1,1,14,2.000000,0,,,"GeForce GTX 950 (0)","1","7","scanExclusiveShared(uint4*, uint4*, unsigned int) [1158]"
773.709179,0.012896,26,1,1,256,1,1,11,2.000000,0,,,"GeForce GTX 950 (0)","1","7","scanExclusiveShared2(unsigned int*, unsigned int*, unsigned int*, unsigned int, unsigned int) [1166]"
773.724059,0.581219,6656,1,1,256,1,1,8,0.003906,0,,,"GeForce GTX 950 (0)","1","7","uniformUpdate(uint4*, unsigned int*) [1171]"
774.307262,0.582692,6656,1,1,256,1,1,14,2.000000,0,,,"GeForce GTX 950 (0)","1","7","scanExclusiveShared(uint4*, uint4*, unsigned int) [1177]"
774.891906,0.011552,26,1,1,256,1,1,11,2.000000,0,,,"GeForce GTX 950 (0)","1","7","scanExclusiveShared2(unsigned int*, unsigned int*, unsigned int*, unsigned int, unsigned int) [1185]"
774.905442,0.581124,6656,1,1,256,1,1,8,0.003906,0,,,"GeForce GTX 950 (0)","1","7","uniformUpdate(uint4*, unsigned int*) [1190]"
775.488550,0.582179,6656,1,1,256,1,1,14,2.000000,0,,,"GeForce GTX 950 (0)","1","7","scanExclusiveShared(uint4*, uint4*, unsigned int) [1196]"
776.072745,0.011648,26,1,1,256,1,1,11,2.000000,0,,,"GeForce GTX 950 (0)","1","7","scanExclusiveShared2(unsigned int*, unsigned int*, unsigned int*, unsigned int, unsigned int) [1204]"
776.086377,0.580868,6656,1,1,256,1,1,8,0.003906,0,,,"GeForce GTX 950 (0)","1","7","uniformUpdate(uint4*, unsigned int*) [1209]"
776.669261,0.581987,6656,1,1,256,1,1,14,2.000000,0,,,"GeForce GTX 950 (0)","1","7","scanExclusiveShared(uint4*, uint4*, unsigned int) [1215]"
777.253264,0.012960,26,1,1,256,1,1,11,2.000000,0,,,"GeForce GTX 950 (0)","1","7","scanExclusiveShared2(unsigned int*, unsigned int*, unsigned int*, unsigned int, unsigned int) [1223]"
777.268240,0.580772,6656,1,1,256,1,1,8,0.003906,0,,,"GeForce GTX 950 (0)","1","7","uniformUpdate(uint4*, unsigned int*) [1228]"
777.850996,0.581572,6656,1,1,256,1,1,14,2.000000,0,,,"GeForce GTX 950 (0)","1","7","scanExclusiveShared(uint4*, uint4*, unsigned int) [1234]"
778.434584,0.012000,26,1,1,256,1,1,11,2.000000,0,,,"GeForce GTX 950 (0)","1","7","scanExclusiveShared2(unsigned int*, unsigned int*, unsigned int*, unsigned int, unsigned int) [1242]"
778.448600,0.580547,6656,1,1,256,1,1,8,0.003906,0,,,"GeForce GTX 950 (0)","1","7","uniformUpdate(uint4*, unsigned int*) [1247]"
779.031131,0.582564,6656,1,1,256,1,1,14,2.000000,0,,,"GeForce GTX 950 (0)","1","7","scanExclusiveShared(uint4*, uint4*, unsigned int) [1253]"
779.615679,0.011008,26,1,1,256,1,1,11,2.000000,0,,,"GeForce GTX 950 (0)","1","7","scanExclusiveShared2(unsigned int*, unsigned int*, unsigned int*, unsigned int, unsigned int) [1261]"
779.628703,0.581956,6656,1,1,256,1,1,8,0.003906,0,,,"GeForce GTX 950 (0)","1","7","uniformUpdate(uint4*, unsigned int*) [1266]"
780.212643,0.581539,6656,1,1,256,1,1,14,2.000000,0,,,"GeForce GTX 950 (0)","1","7","scanExclusiveShared(uint4*, uint4*, unsigned int) [1272]"
780.796166,0.013952,26,1,1,256,1,1,11,2.000000,0,,,"GeForce GTX 950 (0)","1","7","scanExclusiveShared2(unsigned int*, unsigned int*, unsigned int*, unsigned int, unsigned int) [1280]"
780.812102,0.581156,6656,1,1,256,1,1,8,0.003906,0,,,"GeForce GTX 950 (0)","1","7","uniformUpdate(uint4*, unsigned int*) [1285]"
781.395242,0.582275,6656,1,1,256,1,1,14,2.000000,0,,,"GeForce GTX 950 (0)","1","7","scanExclusiveShared(uint4*, uint4*, unsigned int) [1291]"
781.979501,0.010977,26,1,1,256,1,1,11,2.000000,0,,,"GeForce GTX 950 (0)","1","7","scanExclusiveShared2(unsigned int*, unsigned int*, unsigned int*, unsigned int, unsigned int) [1299]"
781.992494,0.580259,6656,1,1,256,1,1,8,0.003906,0,,,"GeForce GTX 950 (0)","1","7","uniformUpdate(uint4*, unsigned int*) [1304]"
782.574737,0.582692,6656,1,1,256,1,1,14,2.000000,0,,,"GeForce GTX 950 (0)","1","7","scanExclusiveShared(uint4*, uint4*, unsigned int) [1310]"
783.159413,0.010240,26,1,1,256,1,1,11,2.000000,0,,,"GeForce GTX 950 (0)","1","7","scanExclusiveShared2(unsigned int*, unsigned int*, unsigned int*, unsigned int, unsigned int) [1318]"
783.171669,0.581091,6656,1,1,256,1,1,8,0.003906,0,,,"GeForce GTX 950 (0)","1","7","uniformUpdate(uint4*, unsigned int*) [1323]"
783.754744,0.582084,6656,1,1,256,1,1,14,2.000000,0,,,"GeForce GTX 950 (0)","1","7","scanExclusiveShared(uint4*, uint4*, unsigned int) [1329]"
784.338812,0.011264,26,1,1,256,1,1,11,2.000000,0,,,"GeForce GTX 950 (0)","1","7","scanExclusiveShared2(unsigned int*, unsigned int*, unsigned int*, unsigned int, unsigned int) [1337]"
784.352188,0.580612,6656,1,1,256,1,1,8,0.003906,0,,,"GeForce GTX 950 (0)","1","7","uniformUpdate(uint4*, unsigned int*) [1342]"
784.934784,0.581539,6656,1,1,256,1,1,14,2.000000,0,,,"GeForce GTX 950 (0)","1","7","scanExclusiveShared(uint4*, uint4*, unsigned int) [1348]"
785.518307,0.014368,26,1,1,256,1,1,11,2.000000,0,,,"GeForce GTX 950 (0)","1","7","scanExclusiveShared2(unsigned int*, unsigned int*, unsigned int*, unsigned int, unsigned int) [1356]"
785.534691,0.581220,6656,1,1,256,1,1,8,0.003906,0,,,"GeForce GTX 950 (0)","1","7","uniformUpdate(uint4*, unsigned int*) [1361]"
786.117895,0.582211,6656,1,1,256,1,1,14,2.000000,0,,,"GeForce GTX 950 (0)","1","7","scanExclusiveShared(uint4*, uint4*, unsigned int) [1367]"
786.702122,0.012961,26,1,1,256,1,1,11,2.000000,0,,,"GeForce GTX 950 (0)","1","7","scanExclusiveShared2(unsigned int*, unsigned int*, unsigned int*, unsigned int, unsigned int) [1375]"
786.717067,0.581187,6656,1,1,256,1,1,8,0.003906,0,,,"GeForce GTX 950 (0)","1","7","uniformUpdate(uint4*, unsigned int*) [1380]"
787.300238,0.581572,6656,1,1,256,1,1,14,2.000000,0,,,"GeForce GTX 950 (0)","1","7","scanExclusiveShared(uint4*, uint4*, unsigned int) [1386]"
787.883826,0.014144,26,1,1,256,1,1,11,2.000000,0,,,"GeForce GTX 950 (0)","1","7","scanExclusiveShared2(unsigned int*, unsigned int*, unsigned int*, unsigned int, unsigned int) [1394]"
787.899986,0.582179,6656,1,1,256,1,1,8,0.003906,0,,,"GeForce GTX 950 (0)","1","7","uniformUpdate(uint4*, unsigned int*) [1399]"
788.484149,0.581572,6656,1,1,256,1,1,14,2.000000,0,,,"GeForce GTX 950 (0)","1","7","scanExclusiveShared(uint4*, uint4*, unsigned int) [1405]"
789.067737,0.013376,26,1,1,256,1,1,11,2.000000,0,,,"GeForce GTX 950 (0)","1","7","scanExclusiveShared2(unsigned int*, unsigned int*, unsigned int*, unsigned int, unsigned int) [1413]"
789.083097,0.581636,6656,1,1,256,1,1,8,0.003906,0,,,"GeForce GTX 950 (0)","1","7","uniformUpdate(uint4*, unsigned int*) [1418]"
789.666717,0.583107,6656,1,1,256,1,1,14,2.000000,0,,,"GeForce GTX 950 (0)","1","7","scanExclusiveShared(uint4*, uint4*, unsigned int) [1424]"
790.251808,0.012960,26,1,1,256,1,1,11,2.000000,0,,,"GeForce GTX 950 (0)","1","7","scanExclusiveShared2(unsigned int*, unsigned int*, unsigned int*, unsigned int, unsigned int) [1432]"
790.266752,0.580580,6656,1,1,256,1,1,8,0.003906,0,,,"GeForce GTX 950 (0)","1","7","uniformUpdate(uint4*, unsigned int*) [1437]"
790.849476,0.581348,6656,1,1,256,1,1,14,2.000000,0,,,"GeForce GTX 950 (0)","1","7","scanExclusiveShared(uint4*, uint4*, unsigned int) [1443]"
791.432808,0.012800,26,1,1,256,1,1,11,2.000000,0,,,"GeForce GTX 950 (0)","1","7","scanExclusiveShared2(unsigned int*, unsigned int*, unsigned int*, unsigned int, unsigned int) [1451]"
791.447592,0.581699,6656,1,1,256,1,1,8,0.003906,0,,,"GeForce GTX 950 (0)","1","7","uniformUpdate(uint4*, unsigned int*) [1456]"
792.031275,0.582212,6656,1,1,256,1,1,14,2.000000,0,,,"GeForce GTX 950 (0)","1","7","scanExclusiveShared(uint4*, uint4*, unsigned int) [1462]"
792.615727,0.012288,26,1,1,256,1,1,11,2.000000,0,,,"GeForce GTX 950 (0)","1","7","scanExclusiveShared2(unsigned int*, unsigned int*, unsigned int*, unsigned int, unsigned int) [1470]"
792.630031,0.581187,6656,1,1,256,1,1,8,0.003906,0,,,"GeForce GTX 950 (0)","1","7","uniformUpdate(uint4*, unsigned int*) [1475]"
793.213202,0.581412,6656,1,1,256,1,1,14,2.000000,0,,,"GeForce GTX 950 (0)","1","7","scanExclusiveShared(uint4*, uint4*, unsigned int) [1481]"
793.796598,0.010944,26,1,1,256,1,1,11,2.000000,0,,,"GeForce GTX 950 (0)","1","7","scanExclusiveShared2(unsigned int*, unsigned int*, unsigned int*, unsigned int, unsigned int) [1489]"
793.809526,0.580772,6656,1,1,256,1,1,8,0.003906,0,,,"GeForce GTX 950 (0)","1","7","uniformUpdate(uint4*, unsigned int*) [1494]"
794.392282,0.581955,6656,1,1,256,1,1,14,2.000000,0,,,"GeForce GTX 950 (0)","1","7","scanExclusiveShared(uint4*, uint4*, unsigned int) [1500]"
794.976221,0.012576,26,1,1,256,1,1,11,2.000000,0,,,"GeForce GTX 950 (0)","1","7","scanExclusiveShared2(unsigned int*, unsigned int*, unsigned int*, unsigned int, unsigned int) [1508]"
794.990781,0.580484,6656,1,1,256,1,1,8,0.003906,0,,,"GeForce GTX 950 (0)","1","7","uniformUpdate(uint4*, unsigned int*) [1513]"
795.573249,0.581572,6656,1,1,256,1,1,14,2.000000,0,,,"GeForce GTX 950 (0)","1","7","scanExclusiveShared(uint4*, uint4*, unsigned int) [1519]"
796.156805,0.014592,26,1,1,256,1,1,11,2.000000,0,,,"GeForce GTX 950 (0)","1","7","scanExclusiveShared2(unsigned int*, unsigned int*, unsigned int*, unsigned int, unsigned int) [1527]"
796.173541,0.581187,6656,1,1,256,1,1,8,0.003906,0,,,"GeForce GTX 950 (0)","1","7","uniformUpdate(uint4*, unsigned int*) [1532]"
796.756712,0.582180,6656,1,1,256,1,1,14,2.000000,0,,,"GeForce GTX 950 (0)","1","7","scanExclusiveShared(uint4*, uint4*, unsigned int) [1538]"
797.340844,0.010688,26,1,1,256,1,1,11,2.000000,0,,,"GeForce GTX 950 (0)","1","7","scanExclusiveShared2(unsigned int*, unsigned int*, unsigned int*, unsigned int, unsigned int) [1546]"
797.353516,0.581091,6656,1,1,256,1,1,8,0.003906,0,,,"GeForce GTX 950 (0)","1","7","uniformUpdate(uint4*, unsigned int*) [1551]"
797.936591,0.581988,6656,1,1,256,1,1,14,2.000000,0,,,"GeForce GTX 950 (0)","1","7","scanExclusiveShared(uint4*, uint4*, unsigned int) [1557]"
798.520531,0.011040,26,1,1,256,1,1,11,2.000000,0,,,"GeForce GTX 950 (0)","1","7","scanExclusiveShared2(unsigned int*, unsigned int*, unsigned int*, unsigned int, unsigned int) [1565]"
798.533555,0.580868,6656,1,1,256,1,1,8,0.003906,0,,,"GeForce GTX 950 (0)","1","7","uniformUpdate(uint4*, unsigned int*) [1570]"
799.116407,0.582083,6656,1,1,256,1,1,14,2.000000,0,,,"GeForce GTX 950 (0)","1","7","scanExclusiveShared(uint4*, uint4*, unsigned int) [1576]"
799.700474,0.012704,26,1,1,256,1,1,11,2.000000,0,,,"GeForce GTX 950 (0)","1","7","scanExclusiveShared2(unsigned int*, unsigned int*, unsigned int*, unsigned int, unsigned int) [1584]"
799.715130,0.580644,6656,1,1,256,1,1,8,0.003906,0,,,"GeForce GTX 950 (0)","1","7","uniformUpdate(uint4*, unsigned int*) [1589]"
800.297758,0.581668,6656,1,1,256,1,1,14,2.000000,0,,,"GeForce GTX 950 (0)","1","7","scanExclusiveShared(uint4*, uint4*, unsigned int) [1595]"
800.881410,0.012768,26,1,1,256,1,1,11,2.000000,0,,,"GeForce GTX 950 (0)","1","7","scanExclusiveShared2(unsigned int*, unsigned int*, unsigned int*, unsigned int, unsigned int) [1603]"
800.896162,0.581251,6656,1,1,256,1,1,8,0.003906,0,,,"GeForce GTX 950 (0)","1","7","uniformUpdate(uint4*, unsigned int*) [1608]"
801.479397,0.581700,6656,1,1,256,1,1,14,2.000000,0,,,"GeForce GTX 950 (0)","1","7","scanExclusiveShared(uint4*, uint4*, unsigned int) [1614]"
802.063081,0.013472,26,1,1,256,1,1,11,2.000000,0,,,"GeForce GTX 950 (0)","1","7","scanExclusiveShared2(unsigned int*, unsigned int*, unsigned int*, unsigned int, unsigned int) [1622]"
802.078537,0.580995,6656,1,1,256,1,1,8,0.003906,0,,,"GeForce GTX 950 (0)","1","7","uniformUpdate(uint4*, unsigned int*) [1627]"
802.661549,0.581827,6656,1,1,256,1,1,14,2.000000,0,,,"GeForce GTX 950 (0)","1","7","scanExclusiveShared(uint4*, uint4*, unsigned int) [1633]"
803.245360,0.010688,26,1,1,256,1,1,11,2.000000,0,,,"GeForce GTX 950 (0)","1","7","scanExclusiveShared2(unsigned int*, unsigned int*, unsigned int*, unsigned int, unsigned int) [1641]"
803.258032,0.581188,6656,1,1,256,1,1,8,0.003906,0,,,"GeForce GTX 950 (0)","1","7","uniformUpdate(uint4*, unsigned int*) [1646]"
803.841204,0.581987,6656,1,1,256,1,1,14,2.000000,0,,,"GeForce GTX 950 (0)","1","7","scanExclusiveShared(uint4*, uint4*, unsigned int) [1652]"
804.425175,0.012256,26,1,1,256,1,1,11,2.000000,0,,,"GeForce GTX 950 (0)","1","7","scanExclusiveShared2(unsigned int*, unsigned int*, unsigned int*, unsigned int, unsigned int) [1660]"
804.439447,0.581444,6656,1,1,256,1,1,8,0.003906,0,,,"GeForce GTX 950 (0)","1","7","uniformUpdate(uint4*, unsigned int*) [1665]"
805.022875,0.583396,6656,1,1,256,1,1,14,2.000000,0,,,"GeForce GTX 950 (0)","1","7","scanExclusiveShared(uint4*, uint4*, unsigned int) [1671]"
805.608255,0.010944,26,1,1,256,1,1,11,2.000000,0,,,"GeForce GTX 950 (0)","1","7","scanExclusiveShared2(unsigned int*, unsigned int*, unsigned int*, unsigned int, unsigned int) [1679]"
805.621183,0.580899,6656,1,1,256,1,1,8,0.003906,0,,,"GeForce GTX 950 (0)","1","7","uniformUpdate(uint4*, unsigned int*) [1684]"
806.204098,0.582244,6656,1,1,256,1,1,14,2.000000,0,,,"GeForce GTX 950 (0)","1","7","scanExclusiveShared(uint4*, uint4*, unsigned int) [1690]"
806.788326,0.011264,26,1,1,256,1,1,11,2.000000,0,,,"GeForce GTX 950 (0)","1","7","scanExclusiveShared2(unsigned int*, unsigned int*, unsigned int*, unsigned int, unsigned int) [1698]"
806.801574,0.580868,6656,1,1,256,1,1,8,0.003906,0,,,"GeForce GTX 950 (0)","1","7","uniformUpdate(uint4*, unsigned int*) [1703]"
807.384586,0.582531,6656,1,1,256,1,1,14,2.000000,0,,,"GeForce GTX 950 (0)","1","7","scanExclusiveShared(uint4*, uint4*, unsigned int) [1709]"
807.969101,0.010400,26,1,1,256,1,1,11,2.000000,0,,,"GeForce GTX 950 (0)","1","7","scanExclusiveShared2(unsigned int*, unsigned int*, unsigned int*, unsigned int, unsigned int) [1717]"
807.981517,0.580900,6656,1,1,256,1,1,8,0.003906,0,,,"GeForce GTX 950 (0)","1","7","uniformUpdate(uint4*, unsigned int*) [1722]"
808.564401,0.581763,6656,1,1,256,1,1,14,2.000000,0,,,"GeForce GTX 950 (0)","1","7","scanExclusiveShared(uint4*, uint4*, unsigned int) [1728]"
809.148148,0.011488,26,1,1,256,1,1,11,2.000000,0,,,"GeForce GTX 950 (0)","1","7","scanExclusiveShared2(unsigned int*, unsigned int*, unsigned int*, unsigned int, unsigned int) [1736]"
809.161620,0.580324,6656,1,1,256,1,1,8,0.003906,0,,,"GeForce GTX 950 (0)","1","7","uniformUpdate(uint4*, unsigned int*) [1741]"
809.743928,0.581380,6656,1,1,256,1,1,14,2.000000,0,,,"GeForce GTX 950 (0)","1","7","scanExclusiveShared(uint4*, uint4*, unsigned int) [1747]"
810.327292,0.011360,26,1,1,256,1,1,11,2.000000,0,,,"GeForce GTX 950 (0)","1","7","scanExclusiveShared2(unsigned int*, unsigned int*, unsigned int*, unsigned int, unsigned int) [1755]"
810.340636,0.580739,6656,1,1,256,1,1,8,0.003906,0,,,"GeForce GTX 950 (0)","1","7","uniformUpdate(uint4*, unsigned int*) [1760]"
810.923359,0.581700,6656,1,1,256,1,1,14,2.000000,0,,,"GeForce GTX 950 (0)","1","7","scanExclusiveShared(uint4*, uint4*, unsigned int) [1766]"
811.507043,0.011456,26,1,1,256,1,1,11,2.000000,0,,,"GeForce GTX 950 (0)","1","7","scanExclusiveShared2(unsigned int*, unsigned int*, unsigned int*, unsigned int, unsigned int) [1774]"
811.520483,0.580836,6656,1,1,256,1,1,8,0.003906,0,,,"GeForce GTX 950 (0)","1","7","uniformUpdate(uint4*, unsigned int*) [1779]"
812.103303,0.581603,6656,1,1,256,1,1,14,2.000000,0,,,"GeForce GTX 950 (0)","1","7","scanExclusiveShared(uint4*, uint4*, unsigned int) [1785]"
812.686890,0.013152,26,1,1,256,1,1,11,2.000000,0,,,"GeForce GTX 950 (0)","1","7","scanExclusiveShared2(unsigned int*, unsigned int*, unsigned int*, unsigned int, unsigned int) [1793]"
812.702026,0.580388,6656,1,1,256,1,1,8,0.003906,0,,,"GeForce GTX 950 (0)","1","7","uniformUpdate(uint4*, unsigned int*) [1798]"
813.284398,0.582403,6656,1,1,256,1,1,14,2.000000,0,,,"GeForce GTX 950 (0)","1","7","scanExclusiveShared(uint4*, uint4*, unsigned int) [1804]"
813.868785,0.013248,26,1,1,256,1,1,11,2.000000,0,,,"GeForce GTX 950 (0)","1","7","scanExclusiveShared2(unsigned int*, unsigned int*, unsigned int*, unsigned int, unsigned int) [1812]"
813.884049,0.580964,6656,1,1,256,1,1,8,0.003906,0,,,"GeForce GTX 950 (0)","1","7","uniformUpdate(uint4*, unsigned int*) [1817]"
814.466997,0.582308,6656,1,1,256,1,1,14,2.000000,0,,,"GeForce GTX 950 (0)","1","7","scanExclusiveShared(uint4*, uint4*, unsigned int) [1823]"
815.051289,0.012096,26,1,1,256,1,1,11,2.000000,0,,,"GeForce GTX 950 (0)","1","7","scanExclusiveShared2(unsigned int*, unsigned int*, unsigned int*, unsigned int, unsigned int) [1831]"
815.065401,0.581027,6656,1,1,256,1,1,8,0.003906,0,,,"GeForce GTX 950 (0)","1","7","uniformUpdate(uint4*, unsigned int*) [1836]"
815.648412,0.581988,6656,1,1,256,1,1,14,2.000000,0,,,"GeForce GTX 950 (0)","1","7","scanExclusiveShared(uint4*, uint4*, unsigned int) [1842]"
816.232416,0.011104,26,1,1,256,1,1,11,2.000000,0,,,"GeForce GTX 950 (0)","1","7","scanExclusiveShared2(unsigned int*, unsigned int*, unsigned int*, unsigned int, unsigned int) [1850]"
816.245536,0.580516,6656,1,1,256,1,1,8,0.003906,0,,,"GeForce GTX 950 (0)","1","7","uniformUpdate(uint4*, unsigned int*) [1855]"
816.828036,0.582019,6656,1,1,256,1,1,14,2.000000,0,,,"GeForce GTX 950 (0)","1","7","scanExclusiveShared(uint4*, uint4*, unsigned int) [1861]"
817.412039,0.013248,26,1,1,256,1,1,11,2.000000,0,,,"GeForce GTX 950 (0)","1","7","scanExclusiveShared2(unsigned int*, unsigned int*, unsigned int*, unsigned int, unsigned int) [1869]"
817.427303,0.581124,6656,1,1,256,1,1,8,0.003906,0,,,"GeForce GTX 950 (0)","1","7","uniformUpdate(uint4*, unsigned int*) [1874]"
818.010443,0.582755,6656,1,1,256,1,1,14,2.000000,0,,,"GeForce GTX 950 (0)","1","7","scanExclusiveShared(uint4*, uint4*, unsigned int) [1880]"
818.595182,0.010784,26,1,1,256,1,1,11,2.000000,0,,,"GeForce GTX 950 (0)","1","7","scanExclusiveShared2(unsigned int*, unsigned int*, unsigned int*, unsigned int, unsigned int) [1888]"
818.607950,0.581636,6656,1,1,256,1,1,8,0.003906,0,,,"GeForce GTX 950 (0)","1","7","uniformUpdate(uint4*, unsigned int*) [1893]"
819.191570,0.581508,6656,1,1,256,1,1,14,2.000000,0,,,"GeForce GTX 950 (0)","1","7","scanExclusiveShared(uint4*, uint4*, unsigned int) [1899]"
819.775062,0.010784,26,1,1,256,1,1,11,2.000000,0,,,"GeForce GTX 950 (0)","1","7","scanExclusiveShared2(unsigned int*, unsigned int*, unsigned int*, unsigned int, unsigned int) [1907]"
819.787830,0.580899,6656,1,1,256,1,1,8,0.003906,0,,,"GeForce GTX 950 (0)","1","7","uniformUpdate(uint4*, unsigned int*) [1912]"
820.370713,0.581924,6656,1,1,256,1,1,14,2.000000,0,,,"GeForce GTX 950 (0)","1","7","scanExclusiveShared(uint4*, uint4*, unsigned int) [1918]"
820.954621,0.014848,26,1,1,256,1,1,11,2.000000,0,,,"GeForce GTX 950 (0)","1","7","scanExclusiveShared2(unsigned int*, unsigned int*, unsigned int*, unsigned int, unsigned int) [1926]"
820.971549,0.580196,6656,1,1,256,1,1,8,0.003906,0,,,"GeForce GTX 950 (0)","1","7","uniformUpdate(uint4*, unsigned int*) [1931]"
821.553729,0.582115,6656,1,1,256,1,1,14,2.000000,0,,,"GeForce GTX 950 (0)","1","7","scanExclusiveShared(uint4*, uint4*, unsigned int) [1937]"
822.137828,0.014912,26,1,1,256,1,1,11,2.000000,0,,,"GeForce GTX 950 (0)","1","7","scanExclusiveShared2(unsigned int*, unsigned int*, unsigned int*, unsigned int, unsigned int) [1945]"
822.154724,0.580420,6656,1,1,256,1,1,8,0.003906,0,,,"GeForce GTX 950 (0)","1","7","uniformUpdate(uint4*, unsigned int*) [1950]"
822.737160,0.582147,6656,1,1,256,1,1,14,2.000000,0,,,"GeForce GTX 950 (0)","1","7","scanExclusiveShared(uint4*, uint4*, unsigned int) [1956]"
823.321291,0.014465,26,1,1,256,1,1,11,2.000000,0,,,"GeForce GTX 950 (0)","1","7","scanExclusiveShared2(unsigned int*, unsigned int*, unsigned int*, unsigned int, unsigned int) [1964]"
823.337740,0.580259,6656,1,1,256,1,1,8,0.003906,0,,,"GeForce GTX 950 (0)","1","7","uniformUpdate(uint4*, unsigned int*) [1969]"
823.919983,0.582052,6656,1,1,256,1,1,14,2.000000,0,,,"GeForce GTX 950 (0)","1","7","scanExclusiveShared(uint4*, uint4*, unsigned int) [1975]"
824.504019,0.010304,26,1,1,256,1,1,11,2.000000,0,,,"GeForce GTX 950 (0)","1","7","scanExclusiveShared2(unsigned int*, unsigned int*, unsigned int*, unsigned int, unsigned int) [1983]"
824.516307,0.579747,6656,1,1,256,1,1,8,0.003906,0,,,"GeForce GTX 950 (0)","1","7","uniformUpdate(uint4*, unsigned int*) [1988]"
825.098038,0.582468,6656,1,1,256,1,1,14,2.000000,0,,,"GeForce GTX 950 (0)","1","7","scanExclusiveShared(uint4*, uint4*, unsigned int) [1994]"
825.682618,0.010496,26,1,1,256,1,1,11,2.000000,0,,,"GeForce GTX 950 (0)","1","7","scanExclusiveShared2(unsigned int*, unsigned int*, unsigned int*, unsigned int, unsigned int) [2002]"
825.695098,0.580836,6656,1,1,256,1,1,8,0.003906,0,,,"GeForce GTX 950 (0)","1","7","uniformUpdate(uint4*, unsigned int*) [2007]"
826.277886,0.581347,6656,1,1,256,1,1,14,2.000000,0,,,"GeForce GTX 950 (0)","1","7","scanExclusiveShared(uint4*, uint4*, unsigned int) [2013]"
826.861249,0.013920,26,1,1,256,1,1,11,2.000000,0,,,"GeForce GTX 950 (0)","1","7","scanExclusiveShared2(unsigned int*, unsigned int*, unsigned int*, unsigned int, unsigned int) [2021]"
826.877153,0.580676,6656,1,1,256,1,1,8,0.003906,0,,,"GeForce GTX 950 (0)","1","7","uniformUpdate(uint4*, unsigned int*) [2026]"
827.459845,0.581795,6656,1,1,256,1,1,14,2.000000,0,,,"GeForce GTX 950 (0)","1","7","scanExclusiveShared(uint4*, uint4*, unsigned int) [2032]"
828.043656,0.011137,26,1,1,256,1,1,11,2.000000,0,,,"GeForce GTX 950 (0)","1","7","scanExclusiveShared2(unsigned int*, unsigned int*, unsigned int*, unsigned int, unsigned int) [2040]"
828.056809,0.580579,6656,1,1,256,1,1,8,0.003906,0,,,"GeForce GTX 950 (0)","1","7","uniformUpdate(uint4*, unsigned int*) [2045]"
828.639372,0.581444,6656,1,1,256,1,1,14,2.000000,0,,,"GeForce GTX 950 (0)","1","7","scanExclusiveShared(uint4*, uint4*, unsigned int) [2051]"
829.222800,0.010656,26,1,1,256,1,1,11,2.000000,0,,,"GeForce GTX 950 (0)","1","7","scanExclusiveShared2(unsigned int*, unsigned int*, unsigned int*, unsigned int, unsigned int) [2059]"
829.235472,0.580259,6656,1,1,256,1,1,8,0.003906,0,,,"GeForce GTX 950 (0)","1","7","uniformUpdate(uint4*, unsigned int*) [2064]"
829.817747,0.582180,6656,1,1,256,1,1,14,2.000000,0,,,"GeForce GTX 950 (0)","1","7","scanExclusiveShared(uint4*, uint4*, unsigned int) [2070]"
830.401911,0.011616,26,1,1,256,1,1,11,2.000000,0,,,"GeForce GTX 950 (0)","1","7","scanExclusiveShared2(unsigned int*, unsigned int*, unsigned int*, unsigned int, unsigned int) [2078]"
830.415511,0.580388,6656,1,1,256,1,1,8,0.003906,0,,,"GeForce GTX 950 (0)","1","7","uniformUpdate(uint4*, unsigned int*) [2083]"
830.997915,0.582179,6656,1,1,256,1,1,14,2.000000,0,,,"GeForce GTX 950 (0)","1","7","scanExclusiveShared(uint4*, uint4*, unsigned int) [2089]"
831.582078,0.014208,26,1,1,256,1,1,11,2.000000,0,,,"GeForce GTX 950 (0)","1","7","scanExclusiveShared2(unsigned int*, unsigned int*, unsigned int*, unsigned int, unsigned int) [2097]"
831.598270,0.581604,6656,1,1,256,1,1,8,0.003906,0,,,"GeForce GTX 950 (0)","1","7","uniformUpdate(uint4*, unsigned int*) [2102]"
832.181858,0.581795,6656,1,1,256,1,1,14,2.000000,0,,,"GeForce GTX 950 (0)","1","7","scanExclusiveShared(uint4*, uint4*, unsigned int) [2108]"
832.765637,0.012673,26,1,1,256,1,1,11,2.000000,0,,,"GeForce GTX 950 (0)","1","7","scanExclusiveShared2(unsigned int*, unsigned int*, unsigned int*, unsigned int, unsigned int) [2116]"
832.780294,0.580963,6656,1,1,256,1,1,8,0.003906,0,,,"GeForce GTX 950 (0)","1","7","uniformUpdate(uint4*, unsigned int*) [2121]"
833.363273,0.582628,6656,1,1,256,1,1,14,2.000000,0,,,"GeForce GTX 950 (0)","1","7","scanExclusiveShared(uint4*, uint4*, unsigned int) [2127]"
833.947885,0.013088,26,1,1,256,1,1,11,2.000000,0,,,"GeForce GTX 950 (0)","1","7","scanExclusiveShared2(unsigned int*, unsigned int*, unsigned int*, unsigned int, unsigned int) [2135]"
833.962957,0.581219,6656,1,1,256,1,1,8,0.003906,0,,,"GeForce GTX 950 (0)","1","7","uniformUpdate(uint4*, unsigned int*) [2140]"
834.546192,0.582180,6656,1,1,256,1,1,14,2.000000,0,,,"GeForce GTX 950 (0)","1","7","scanExclusiveShared(uint4*, uint4*, unsigned int) [2146]"
835.130612,0.013856,26,1,1,256,1,1,11,2.000000,0,,,"GeForce GTX 950 (0)","1","7","scanExclusiveShared2(unsigned int*, unsigned int*, unsigned int*, unsigned int, unsigned int) [2154]"
835.146484,0.580612,6656,1,1,256,1,1,8,0.003906,0,,,"GeForce GTX 950 (0)","1","7","uniformUpdate(uint4*, unsigned int*) [2159]"
835.729112,0.582307,6656,1,1,256,1,1,14,2.000000,0,,,"GeForce GTX 950 (0)","1","7","scanExclusiveShared(uint4*, uint4*, unsigned int) [2165]"
836.313403,0.015360,26,1,1,256,1,1,11,2.000000,0,,,"GeForce GTX 950 (0)","1","7","scanExclusiveShared2(unsigned int*, unsigned int*, unsigned int*, unsigned int, unsigned int) [2173]"
836.330779,0.580036,6656,1,1,256,1,1,8,0.003906,0,,,"GeForce GTX 950 (0)","1","7","uniformUpdate(uint4*, unsigned int*) [2178]"
836.912831,0.582852,6656,1,1,256,1,1,14,2.000000,0,,,"GeForce GTX 950 (0)","1","7","scanExclusiveShared(uint4*, uint4*, unsigned int) [2184]"
837.497667,0.012640,26,1,1,256,1,1,11,2.000000,0,,,"GeForce GTX 950 (0)","1","7","scanExclusiveShared2(unsigned int*, unsigned int*, unsigned int*, unsigned int, unsigned int) [2192]"
837.512291,0.580803,6656,1,1,256,1,1,8,0.003906,0,,,"GeForce GTX 950 (0)","1","7","uniformUpdate(uint4*, unsigned int*) [2197]"
838.095078,0.581636,6656,1,1,256,1,1,14,2.000000,0,,,"GeForce GTX 950 (0)","1","7","scanExclusiveShared(uint4*, uint4*, unsigned int) [2203]"
838.678698,0.013056,26,1,1,256,1,1,11,2.000000,0,,,"GeForce GTX 950 (0)","1","7","scanExclusiveShared2(unsigned int*, unsigned int*, unsigned int*, unsigned int, unsigned int) [2211]"
838.693770,0.580867,6656,1,1,256,1,1,8,0.003906,0,,,"GeForce GTX 950 (0)","1","7","uniformUpdate(uint4*, unsigned int*) [2216]"
839.276653,0.583044,6656,1,1,256,1,1,14,2.000000,0,,,"GeForce GTX 950 (0)","1","7","scanExclusiveShared(uint4*, uint4*, unsigned int) [2222]"
839.861713,0.013632,26,1,1,256,1,1,11,2.000000,0,,,"GeForce GTX 950 (0)","1","7","scanExclusiveShared2(unsigned int*, unsigned int*, unsigned int*, unsigned int, unsigned int) [2230]"
839.877361,0.581636,6656,1,1,256,1,1,8,0.003906,0,,,"GeForce GTX 950 (0)","1","7","uniformUpdate(uint4*, unsigned int*) [2235]"
840.460981,0.582051,6656,1,1,256,1,1,14,2.000000,0,,,"GeForce GTX 950 (0)","1","7","scanExclusiveShared(uint4*, uint4*, unsigned int) [2241]"
841.045016,0.012064,26,1,1,256,1,1,11,2.000000,0,,,"GeForce GTX 950 (0)","1","7","scanExclusiveShared2(unsigned int*, unsigned int*, unsigned int*, unsigned int, unsigned int) [2249]"
841.059064,0.580356,6656,1,1,256,1,1,8,0.003906,0,,,"GeForce GTX 950 (0)","1","7","uniformUpdate(uint4*, unsigned int*) [2254]"
841.641436,0.582308,6656,1,1,256,1,1,14,2.000000,0,,,"GeForce GTX 950 (0)","1","7","scanExclusiveShared(uint4*, uint4*, unsigned int) [2260]"
842.225760,0.015168,26,1,1,256,1,1,11,2.000000,0,,,"GeForce GTX 950 (0)","1","7","scanExclusiveShared2(unsigned int*, unsigned int*, unsigned int*, unsigned int, unsigned int) [2268]"
842.242944,0.580771,6656,1,1,256,1,1,8,0.003906,0,,,"GeForce GTX 950 (0)","1","7","uniformUpdate(uint4*, unsigned int*) [2273]"
842.825731,0.582436,6656,1,1,256,1,1,14,2.000000,0,,,"GeForce GTX 950 (0)","1","7","scanExclusiveShared(uint4*, uint4*, unsigned int) [2279]"
843.410151,0.010336,26,1,1,256,1,1,11,2.000000,0,,,"GeForce GTX 950 (0)","1","7","scanExclusiveShared2(unsigned int*, unsigned int*, unsigned int*, unsigned int, unsigned int) [2287]"
843.422503,0.580644,6656,1,1,256,1,1,8,0.003906,0,,,"GeForce GTX 950 (0)","1","7","uniformUpdate(uint4*, unsigned int*) [2292]"
844.005131,0.581571,6656,1,1,256,1,1,14,2.000000,0,,,"GeForce GTX 950 (0)","1","7","scanExclusiveShared(uint4*, uint4*, unsigned int) [2298]"
844.588686,0.011520,26,1,1,256,1,1,11,2.000000,0,,,"GeForce GTX 950 (0)","1","7","scanExclusiveShared2(unsigned int*, unsigned int*, unsigned int*, unsigned int, unsigned int) [2306]"
844.602190,0.582116,6656,1,1,256,1,1,8,0.003906,0,,,"GeForce GTX 950 (0)","1","7","uniformUpdate(uint4*, unsigned int*) [2311]"
845.186290,0.582243,6656,1,1,256,1,1,14,2.000000,0,,,"GeForce GTX 950 (0)","1","7","scanExclusiveShared(uint4*, uint4*, unsigned int) [2317]"
845.770517,0.011168,26,1,1,256,1,1,11,2.000000,0,,,"GeForce GTX 950 (0)","1","7","scanExclusiveShared2(unsigned int*, unsigned int*, unsigned int*, unsigned int, unsigned int) [2325]"
845.783669,0.580676,6656,1,1,256,1,1,8,0.003906,0,,,"GeForce GTX 950 (0)","1","7","uniformUpdate(uint4*, unsigned int*) [2330]"
846.366329,0.582500,6656,1,1,256,1,1,14,2.000000,0,,,"GeForce GTX 950 (0)","1","7","scanExclusiveShared(uint4*, uint4*, unsigned int) [2336]"
846.950813,0.014464,26,1,1,256,1,1,11,2.000000,0,,,"GeForce GTX 950 (0)","1","7","scanExclusiveShared2(unsigned int*, unsigned int*, unsigned int*, unsigned int, unsigned int) [2344]"
846.967261,0.580547,6656,1,1,256,1,1,8,0.003906,0,,,"GeForce GTX 950 (0)","1","7","uniformUpdate(uint4*, unsigned int*) [2349]"
847.549824,0.582020,6656,1,1,256,1,1,14,2.000000,0,,,"GeForce GTX 950 (0)","1","7","scanExclusiveShared(uint4*, uint4*, unsigned int) [2355]"
848.133828,0.012704,26,1,1,256,1,1,11,2.000000,0,,,"GeForce GTX 950 (0)","1","7","scanExclusiveShared2(unsigned int*, unsigned int*, unsigned int*, unsigned int, unsigned int) [2363]"
848.148516,0.581316,6656,1,1,256,1,1,8,0.003906,0,,,"GeForce GTX 950 (0)","1","7","uniformUpdate(uint4*, unsigned int*) [2368]"
848.731848,0.581859,6656,1,1,256,1,1,14,2.000000,0,,,"GeForce GTX 950 (0)","1","7","scanExclusiveShared(uint4*, uint4*, unsigned int) [2374]"
849.315691,0.012320,26,1,1,256,1,1,11,2.000000,0,,,"GeForce GTX 950 (0)","1","7","scanExclusiveShared2(unsigned int*, unsigned int*, unsigned int*, unsigned int, unsigned int) [2382]"
849.330027,0.581796,6656,1,1,256,1,1,8,0.003906,0,,,"GeForce GTX 950 (0)","1","7","uniformUpdate(uint4*, unsigned int*) [2387]"
849.913807,0.582851,6656,1,1,256,1,1,14,2.000000,0,,,"GeForce GTX 950 (0)","1","7","scanExclusiveShared(uint4*, uint4*, unsigned int) [2393]"
850.498674,0.013728,26,1,1,256,1,1,11,2.000000,0,,,"GeForce GTX 950 (0)","1","7","scanExclusiveShared2(unsigned int*, unsigned int*, unsigned int*, unsigned int, unsigned int) [2401]"
850.514387,0.580611,6656,1,1,256,1,1,8,0.003906,0,,,"GeForce GTX 950 (0)","1","7","uniformUpdate(uint4*, unsigned int*) [2406]"
851.096982,0.582148,6656,1,1,256,1,1,14,2.000000,0,,,"GeForce GTX 950 (0)","1","7","scanExclusiveShared(uint4*, uint4*, unsigned int) [2412]"
851.681338,0.011552,26,1,1,256,1,1,11,2.000000,0,,,"GeForce GTX 950 (0)","1","7","scanExclusiveShared2(unsigned int*, unsigned int*, unsigned int*, unsigned int, unsigned int) [2420]"
851.694906,0.580259,6656,1,1,256,1,1,8,0.003906,0,,,"GeForce GTX 950 (0)","1","7","uniformUpdate(uint4*, unsigned int*) [2425]"
852.277149,0.581636,6656,1,1,256,1,1,14,2.000000,0,,,"GeForce GTX 950 (0)","1","7","scanExclusiveShared(uint4*, uint4*, unsigned int) [2431]"
852.860801,0.012256,26,1,1,256,1,1,11,2.000000,0,,,"GeForce GTX 950 (0)","1","7","scanExclusiveShared2(unsigned int*, unsigned int*, unsigned int*, unsigned int, unsigned int) [2439]"
852.875041,0.580964,6656,1,1,256,1,1,8,0.003906,0,,,"GeForce GTX 950 (0)","1","7","uniformUpdate(uint4*, unsigned int*) [2444]"
853.457989,0.582339,6656,1,1,256,1,1,14,2.000000,0,,,"GeForce GTX 950 (0)","1","7","scanExclusiveShared(uint4*, uint4*, unsigned int) [2450]"
854.042344,0.014240,26,1,1,256,1,1,11,2.000000,0,,,"GeForce GTX 950 (0)","1","7","scanExclusiveShared2(unsigned int*, unsigned int*, unsigned int*, unsigned int, unsigned int) [2458]"
854.058568,0.579748,6656,1,1,256,1,1,8,0.003906,0,,,"GeForce GTX 950 (0)","1","7","uniformUpdate(uint4*, unsigned int*) [2463]"
854.640300,0.582115,6656,1,1,256,1,1,14,2.000000,0,,,"GeForce GTX 950 (0)","1","7","scanExclusiveShared(uint4*, uint4*, unsigned int) [2469]"
855.224399,0.011649,26,1,1,256,1,1,11,2.000000,0,,,"GeForce GTX 950 (0)","1","7","scanExclusiveShared2(unsigned int*, unsigned int*, unsigned int*, unsigned int, unsigned int) [2477]"
855.238064,0.581635,6656,1,1,256,1,1,8,0.003906,0,,,"GeForce GTX 950 (0)","1","7","uniformUpdate(uint4*, unsigned int*) [2482]"
855.821683,0.582084,6656,1,1,256,1,1,14,2.000000,0,,,"GeForce GTX 950 (0)","1","7","scanExclusiveShared(uint4*, uint4*, unsigned int) [2488]"
856.405751,0.010304,26,1,1,256,1,1,11,2.000000,0,,,"GeForce GTX 950 (0)","1","7","scanExclusiveShared2(unsigned int*, unsigned int*, unsigned int*, unsigned int, unsigned int) [2496]"
856.418039,0.580995,6656,1,1,256,1,1,8,0.003906,0,,,"GeForce GTX 950 (0)","1","7","uniformUpdate(uint4*, unsigned int*) [2501]"
857.001018,0.581700,6656,1,1,256,1,1,14,2.000000,0,,,"GeForce GTX 950 (0)","1","7","scanExclusiveShared(uint4*, uint4*, unsigned int) [2507]"
857.584702,0.010464,26,1,1,256,1,1,11,2.000000,0,,,"GeForce GTX 950 (0)","1","7","scanExclusiveShared2(unsigned int*, unsigned int*, unsigned int*, unsigned int, unsigned int) [2515]"
857.597150,0.580676,6656,1,1,256,1,1,8,0.003906,0,,,"GeForce GTX 950 (0)","1","7","uniformUpdate(uint4*, unsigned int*) [2520]"
858.179842,0.581827,6656,1,1,256,1,1,14,2.000000,0,,,"GeForce GTX 950 (0)","1","7","scanExclusiveShared(uint4*, uint4*, unsigned int) [2526]"
858.763653,0.010880,26,1,1,256,1,1,11,2.000000,0,,,"GeForce GTX 950 (0)","1","7","scanExclusiveShared2(unsigned int*, unsigned int*, unsigned int*, unsigned int, unsigned int) [2534]"
858.776517,0.580676,6656,1,1,256,1,1,8,0.003906,0,,,"GeForce GTX 950 (0)","1","7","uniformUpdate(uint4*, unsigned int*) [2539]"
859.359145,0.582723,6656,1,1,256,1,1,14,2.000000,0,,,"GeForce GTX 950 (0)","1","7","scanExclusiveShared(uint4*, uint4*, unsigned int) [2545]"
859.943852,0.010721,26,1,1,256,1,1,11,2.000000,0,,,"GeForce GTX 950 (0)","1","7","scanExclusiveShared2(unsigned int*, unsigned int*, unsigned int*, unsigned int, unsigned int) [2553]"
859.956557,0.581251,6656,1,1,256,1,1,8,0.003906,0,,,"GeForce GTX 950 (0)","1","7","uniformUpdate(uint4*, unsigned int*) [2558]"
860.539792,0.581988,6656,1,1,256,1,1,14,2.000000,0,,,"GeForce GTX 950 (0)","1","7","scanExclusiveShared(uint4*, uint4*, unsigned int) [2564]"
861.123796,0.011488,26,1,1,256,1,1,11,2.000000,0,,,"GeForce GTX 950 (0)","1","7","scanExclusiveShared2(unsigned int*, unsigned int*, unsigned int*, unsigned int, unsigned int) [2572]"
861.137268,0.580867,6656,1,1,256,1,1,8,0.003906,0,,,"GeForce GTX 950 (0)","1","7","uniformUpdate(uint4*, unsigned int*) [2577]"
861.720151,0.582276,6656,1,1,256,1,1,14,2.000000,0,,,"GeForce GTX 950 (0)","1","7","scanExclusiveShared(uint4*, uint4*, unsigned int) [2583]"
862.304411,0.011232,26,1,1,256,1,1,11,2.000000,0,,,"GeForce GTX 950 (0)","1","7","scanExclusiveShared2(unsigned int*, unsigned int*, unsigned int*, unsigned int, unsigned int) [2591]"
862.317627,0.580644,6656,1,1,256,1,1,8,0.003906,0,,,"GeForce GTX 950 (0)","1","7","uniformUpdate(uint4*, unsigned int*) [2596]"
862.900255,0.582467,6656,1,1,256,1,1,14,2.000000,0,,,"GeForce GTX 950 (0)","1","7","scanExclusiveShared(uint4*, uint4*, unsigned int) [2602]"
863.484706,0.014272,26,1,1,256,1,1,11,2.000000,0,,,"GeForce GTX 950 (0)","1","7","scanExclusiveShared2(unsigned int*, unsigned int*, unsigned int*, unsigned int, unsigned int) [2610]"
863.500994,0.581124,6656,1,1,256,1,1,8,0.003906,0,,,"GeForce GTX 950 (0)","1","7","uniformUpdate(uint4*, unsigned int*) [2615]"
864.084102,0.582659,6656,1,1,256,1,1,14,2.000000,0,,,"GeForce GTX 950 (0)","1","7","scanExclusiveShared(uint4*, uint4*, unsigned int) [2621]"
864.668777,0.010561,26,1,1,256,1,1,11,2.000000,0,,,"GeForce GTX 950 (0)","1","7","scanExclusiveShared2(unsigned int*, unsigned int*, unsigned int*, unsigned int, unsigned int) [2629]"
864.681322,0.580739,6656,1,1,256,1,1,8,0.003906,0,,,"GeForce GTX 950 (0)","1","7","uniformUpdate(uint4*, unsigned int*) [2634]"
865.264045,0.582020,6656,1,1,256,1,1,14,2.000000,0,,,"GeForce GTX 950 (0)","1","7","scanExclusiveShared(uint4*, uint4*, unsigned int) [2640]"
865.848049,0.011200,26,1,1,256,1,1,11,2.000000,0,,,"GeForce GTX 950 (0)","1","7","scanExclusiveShared2(unsigned int*, unsigned int*, unsigned int*, unsigned int, unsigned int) [2648]"
865.861233,0.581059,6656,1,1,256,1,1,8,0.003906,0,,,"GeForce GTX 950 (0)","1","7","uniformUpdate(uint4*, unsigned int*) [2653]"
866.444244,0.583780,6656,1,1,256,1,1,14,2.000000,0,,,"GeForce GTX 950 (0)","1","7","scanExclusiveShared(uint4*, uint4*, unsigned int) [2659]"
867.030008,0.011936,26,1,1,256,1,1,11,2.000000,0,,,"GeForce GTX 950 (0)","1","7","scanExclusiveShared2(unsigned int*, unsigned int*, unsigned int*, unsigned int, unsigned int) [2667]"
867.043960,0.580036,6656,1,1,256,1,1,8,0.003906,0,,,"GeForce GTX 950 (0)","1","7","uniformUpdate(uint4*, unsigned int*) [2672]"
867.625980,0.582083,6656,1,1,256,1,1,14,2.000000,0,,,"GeForce GTX 950 (0)","1","7","scanExclusiveShared(uint4*, uint4*, unsigned int) [2678]"
868.210047,0.009696,26,1,1,256,1,1,11,2.000000,0,,,"GeForce GTX 950 (0)","1","7","scanExclusiveShared2(unsigned int*, unsigned int*, unsigned int*, unsigned int, unsigned int) [2686]"
868.221727,0.580708,6656,1,1,256,1,1,8,0.003906,0,,,"GeForce GTX 950 (0)","1","7","uniformUpdate(uint4*, unsigned int*) [2691]"
868.804451,0.582019,6656,1,1,256,1,1,14,2.000000,0,,,"GeForce GTX 950 (0)","1","7","scanExclusiveShared(uint4*, uint4*, unsigned int) [2697]"
869.388454,0.010657,26,1,1,256,1,1,11,2.000000,0,,,"GeForce GTX 950 (0)","1","7","scanExclusiveShared2(unsigned int*, unsigned int*, unsigned int*, unsigned int, unsigned int) [2705]"
869.401095,0.580867,6656,1,1,256,1,1,8,0.003906,0,,,"GeForce GTX 950 (0)","1","7","uniformUpdate(uint4*, unsigned int*) [2710]"
870.008042,4.941535,,,,,,,,,,26.000000,5.138206,"GeForce GTX 950 (0)","1","7","[CUDA memcpy DtoH]"
