==12205== NVPROF is profiling process 12205, command: ./threadFenceReduction
==12205== Profiling application: ./threadFenceReduction
==12205== Profiling result:
"Start","Duration","Grid X","Grid Y","Grid Z","Block X","Block Y","Block Z","Registers Per Thread","Static SMem","Dynamic SMem","Size","Throughput","Device","Context","Stream","Name"
ms,us,,,,,,,,B,B,MB,GB/s,,,,
588.973738,689.667000,,,,,,,,,,4.000000,5.663965,"GeForce GTX 950 (0)","1","7","[CUDA memcpy HtoD]"
589.671149,0.704000,,,,,,,,,,0.000244,0.338663,"GeForce GTX 950 (0)","1","7","[CUDA memcpy HtoD]"
589.694125,52.448000,64,1,1,128,1,1,10,0,512,,,"GeForce GTX 950 (0)","1","7","void reduceMultiPass<unsigned int=128, bool=1>(float const *, float*, unsigned int) [213]"
589.752877,0.768000,,,,,,,,,,0.000004,0.004851,"GeForce GTX 950 (0)","1","7","[CUDA memcpy HtoD]"
589.772685,47.713000,64,1,1,128,1,1,15,16,512,,,"GeForce GTX 950 (0)","1","7","void reduceSinglePass<unsigned int=128, bool=1>(float const *, float*, unsigned int) [221]"
589.830574,0.608000,,,,,,,,,,0.000004,0.006127,"GeForce GTX 950 (0)","1","7","[CUDA memcpy HtoD]"
589.843086,47.200000,64,1,1,128,1,1,15,16,512,,,"GeForce GTX 950 (0)","1","7","void reduceSinglePass<unsigned int=128, bool=1>(float const *, float*, unsigned int) [231]"
589.899630,0.608000,,,,,,,,,,0.000004,0.006127,"GeForce GTX 950 (0)","1","7","[CUDA memcpy HtoD]"
589.912110,46.784000,64,1,1,128,1,1,15,16,512,,,"GeForce GTX 950 (0)","1","7","void reduceSinglePass<unsigned int=128, bool=1>(float const *, float*, unsigned int) [241]"
589.968046,0.608000,,,,,,,,,,0.000004,0.006127,"GeForce GTX 950 (0)","1","7","[CUDA memcpy HtoD]"
589.980142,47.169000,64,1,1,128,1,1,15,16,512,,,"GeForce GTX 950 (0)","1","7","void reduceSinglePass<unsigned int=128, bool=1>(float const *, float*, unsigned int) [251]"
590.037487,0.608000,,,,,,,,,,0.000004,0.006127,"GeForce GTX 950 (0)","1","7","[CUDA memcpy HtoD]"
590.049487,48.576000,64,1,1,128,1,1,15,16,512,,,"GeForce GTX 950 (0)","1","7","void reduceSinglePass<unsigned int=128, bool=1>(float const *, float*, unsigned int) [261]"
590.108047,0.608000,,,,,,,,,,0.000004,0.006127,"GeForce GTX 950 (0)","1","7","[CUDA memcpy HtoD]"
590.120143,47.552000,64,1,1,128,1,1,15,16,512,,,"GeForce GTX 950 (0)","1","7","void reduceSinglePass<unsigned int=128, bool=1>(float const *, float*, unsigned int) [271]"
590.177263,0.608000,,,,,,,,,,0.000004,0.006127,"GeForce GTX 950 (0)","1","7","[CUDA memcpy HtoD]"
590.189519,47.425000,64,1,1,128,1,1,15,16,512,,,"GeForce GTX 950 (0)","1","7","void reduceSinglePass<unsigned int=128, bool=1>(float const *, float*, unsigned int) [281]"
590.246608,0.608000,,,,,,,,,,0.000004,0.006127,"GeForce GTX 950 (0)","1","7","[CUDA memcpy HtoD]"
590.258704,47.744000,64,1,1,128,1,1,15,16,512,,,"GeForce GTX 950 (0)","1","7","void reduceSinglePass<unsigned int=128, bool=1>(float const *, float*, unsigned int) [291]"
590.316016,0.608000,,,,,,,,,,0.000004,0.006127,"GeForce GTX 950 (0)","1","7","[CUDA memcpy HtoD]"
590.327888,47.296000,64,1,1,128,1,1,15,16,512,,,"GeForce GTX 950 (0)","1","7","void reduceSinglePass<unsigned int=128, bool=1>(float const *, float*, unsigned int) [301]"
590.387216,0.608000,,,,,,,,,,0.000004,0.006127,"GeForce GTX 950 (0)","1","7","[CUDA memcpy HtoD]"
590.400400,47.680000,64,1,1,128,1,1,15,16,512,,,"GeForce GTX 950 (0)","1","7","void reduceSinglePass<unsigned int=128, bool=1>(float const *, float*, unsigned int) [311]"
590.458225,0.608000,,,,,,,,,,0.000004,0.006127,"GeForce GTX 950 (0)","1","7","[CUDA memcpy HtoD]"
590.470481,47.936000,64,1,1,128,1,1,15,16,512,,,"GeForce GTX 950 (0)","1","7","void reduceSinglePass<unsigned int=128, bool=1>(float const *, float*, unsigned int) [321]"
590.527697,0.608000,,,,,,,,,,0.000004,0.006127,"GeForce GTX 950 (0)","1","7","[CUDA memcpy HtoD]"
590.539953,47.328000,64,1,1,128,1,1,15,16,512,,,"GeForce GTX 950 (0)","1","7","void reduceSinglePass<unsigned int=128, bool=1>(float const *, float*, unsigned int) [331]"
590.596849,0.608000,,,,,,,,,,0.000004,0.006127,"GeForce GTX 950 (0)","1","7","[CUDA memcpy HtoD]"
590.608817,46.976000,64,1,1,128,1,1,15,16,512,,,"GeForce GTX 950 (0)","1","7","void reduceSinglePass<unsigned int=128, bool=1>(float const *, float*, unsigned int) [341]"
590.665777,0.608000,,,,,,,,,,0.000004,0.006127,"GeForce GTX 950 (0)","1","7","[CUDA memcpy HtoD]"
590.677810,47.776000,64,1,1,128,1,1,15,16,512,,,"GeForce GTX 950 (0)","1","7","void reduceSinglePass<unsigned int=128, bool=1>(float const *, float*, unsigned int) [351]"
590.734962,0.608000,,,,,,,,,,0.000004,0.006127,"GeForce GTX 950 (0)","1","7","[CUDA memcpy HtoD]"
590.747154,47.136000,64,1,1,128,1,1,15,16,512,,,"GeForce GTX 950 (0)","1","7","void reduceSinglePass<unsigned int=128, bool=1>(float const *, float*, unsigned int) [361]"
590.804210,0.608000,,,,,,,,,,0.000004,0.006127,"GeForce GTX 950 (0)","1","7","[CUDA memcpy HtoD]"
590.816370,47.424000,64,1,1,128,1,1,15,16,512,,,"GeForce GTX 950 (0)","1","7","void reduceSinglePass<unsigned int=128, bool=1>(float const *, float*, unsigned int) [371]"
590.873202,0.608000,,,,,,,,,,0.000004,0.006127,"GeForce GTX 950 (0)","1","7","[CUDA memcpy HtoD]"
590.885171,47.744000,64,1,1,128,1,1,15,16,512,,,"GeForce GTX 950 (0)","1","7","void reduceSinglePass<unsigned int=128, bool=1>(float const *, float*, unsigned int) [381]"
590.942227,0.608000,,,,,,,,,,0.000004,0.006127,"GeForce GTX 950 (0)","1","7","[CUDA memcpy HtoD]"
590.954227,46.880000,64,1,1,128,1,1,15,16,512,,,"GeForce GTX 950 (0)","1","7","void reduceSinglePass<unsigned int=128, bool=1>(float const *, float*, unsigned int) [391]"
591.011315,0.608000,,,,,,,,,,0.000004,0.006127,"GeForce GTX 950 (0)","1","7","[CUDA memcpy HtoD]"
591.023475,47.456000,64,1,1,128,1,1,15,16,512,,,"GeForce GTX 950 (0)","1","7","void reduceSinglePass<unsigned int=128, bool=1>(float const *, float*, unsigned int) [401]"
591.080755,0.672000,,,,,,,,,,0.000004,0.005544,"GeForce GTX 950 (0)","1","7","[CUDA memcpy HtoD]"
591.092787,48.033000,64,1,1,128,1,1,15,16,512,,,"GeForce GTX 950 (0)","1","7","void reduceSinglePass<unsigned int=128, bool=1>(float const *, float*, unsigned int) [411]"
591.151828,0.608000,,,,,,,,,,0.000004,0.006127,"GeForce GTX 950 (0)","1","7","[CUDA memcpy HtoD]"
591.164084,47.456000,64,1,1,128,1,1,15,16,512,,,"GeForce GTX 950 (0)","1","7","void reduceSinglePass<unsigned int=128, bool=1>(float const *, float*, unsigned int) [421]"
591.221268,0.640000,,,,,,,,,,0.000004,0.005821,"GeForce GTX 950 (0)","1","7","[CUDA memcpy HtoD]"
591.233364,47.872000,64,1,1,128,1,1,15,16,512,,,"GeForce GTX 950 (0)","1","7","void reduceSinglePass<unsigned int=128, bool=1>(float const *, float*, unsigned int) [431]"
591.290452,0.608000,,,,,,,,,,0.000004,0.006127,"GeForce GTX 950 (0)","1","7","[CUDA memcpy HtoD]"
591.302580,47.649000,64,1,1,128,1,1,15,16,512,,,"GeForce GTX 950 (0)","1","7","void reduceSinglePass<unsigned int=128, bool=1>(float const *, float*, unsigned int) [441]"
591.359733,0.608000,,,,,,,,,,0.000004,0.006127,"GeForce GTX 950 (0)","1","7","[CUDA memcpy HtoD]"
591.371829,47.200000,64,1,1,128,1,1,15,16,512,,,"GeForce GTX 950 (0)","1","7","void reduceSinglePass<unsigned int=128, bool=1>(float const *, float*, unsigned int) [451]"
591.428949,0.640000,,,,,,,,,,0.000004,0.005821,"GeForce GTX 950 (0)","1","7","[CUDA memcpy HtoD]"
591.440917,47.424000,64,1,1,128,1,1,15,16,512,,,"GeForce GTX 950 (0)","1","7","void reduceSinglePass<unsigned int=128, bool=1>(float const *, float*, unsigned int) [461]"
591.497973,0.608000,,,,,,,,,,0.000004,0.006127,"GeForce GTX 950 (0)","1","7","[CUDA memcpy HtoD]"
591.510005,46.817000,64,1,1,128,1,1,15,16,512,,,"GeForce GTX 950 (0)","1","7","void reduceSinglePass<unsigned int=128, bool=1>(float const *, float*, unsigned int) [471]"
591.570134,0.640000,,,,,,,,,,0.000004,0.005821,"GeForce GTX 950 (0)","1","7","[CUDA memcpy HtoD]"
591.582934,47.264000,64,1,1,128,1,1,15,16,512,,,"GeForce GTX 950 (0)","1","7","void reduceSinglePass<unsigned int=128, bool=1>(float const *, float*, unsigned int) [481]"
591.640502,0.608000,,,,,,,,,,0.000004,0.006127,"GeForce GTX 950 (0)","1","7","[CUDA memcpy HtoD]"
591.652886,48.224000,64,1,1,128,1,1,15,16,512,,,"GeForce GTX 950 (0)","1","7","void reduceSinglePass<unsigned int=128, bool=1>(float const *, float*, unsigned int) [491]"
591.711478,0.608000,,,,,,,,,,0.000004,0.006127,"GeForce GTX 950 (0)","1","7","[CUDA memcpy HtoD]"
591.723286,47.105000,64,1,1,128,1,1,15,16,512,,,"GeForce GTX 950 (0)","1","7","void reduceSinglePass<unsigned int=128, bool=1>(float const *, float*, unsigned int) [501]"
591.780471,0.608000,,,,,,,,,,0.000004,0.006127,"GeForce GTX 950 (0)","1","7","[CUDA memcpy HtoD]"
591.792503,47.456000,64,1,1,128,1,1,15,16,512,,,"GeForce GTX 950 (0)","1","7","void reduceSinglePass<unsigned int=128, bool=1>(float const *, float*, unsigned int) [511]"
591.849783,0.608000,,,,,,,,,,0.000004,0.006127,"GeForce GTX 950 (0)","1","7","[CUDA memcpy HtoD]"
591.862167,47.712000,64,1,1,128,1,1,15,16,512,,,"GeForce GTX 950 (0)","1","7","void reduceSinglePass<unsigned int=128, bool=1>(float const *, float*, unsigned int) [521]"
591.919351,0.608000,,,,,,,,,,0.000004,0.006127,"GeForce GTX 950 (0)","1","7","[CUDA memcpy HtoD]"
591.931511,47.585000,64,1,1,128,1,1,15,16,512,,,"GeForce GTX 950 (0)","1","7","void reduceSinglePass<unsigned int=128, bool=1>(float const *, float*, unsigned int) [531]"
591.988632,0.608000,,,,,,,,,,0.000004,0.006127,"GeForce GTX 950 (0)","1","7","[CUDA memcpy HtoD]"
592.000632,47.232000,64,1,1,128,1,1,15,16,512,,,"GeForce GTX 950 (0)","1","7","void reduceSinglePass<unsigned int=128, bool=1>(float const *, float*, unsigned int) [541]"
592.057656,0.608000,,,,,,,,,,0.000004,0.006127,"GeForce GTX 950 (0)","1","7","[CUDA memcpy HtoD]"
592.069656,47.136000,64,1,1,128,1,1,15,16,512,,,"GeForce GTX 950 (0)","1","7","void reduceSinglePass<unsigned int=128, bool=1>(float const *, float*, unsigned int) [551]"
592.126904,0.608000,,,,,,,,,,0.000004,0.006127,"GeForce GTX 950 (0)","1","7","[CUDA memcpy HtoD]"
592.139160,47.104000,64,1,1,128,1,1,15,16,512,,,"GeForce GTX 950 (0)","1","7","void reduceSinglePass<unsigned int=128, bool=1>(float const *, float*, unsigned int) [561]"
592.196505,0.608000,,,,,,,,,,0.000004,0.006127,"GeForce GTX 950 (0)","1","7","[CUDA memcpy HtoD]"
592.208505,47.424000,64,1,1,128,1,1,15,16,512,,,"GeForce GTX 950 (0)","1","7","void reduceSinglePass<unsigned int=128, bool=1>(float const *, float*, unsigned int) [571]"
592.265881,0.640000,,,,,,,,,,0.000004,0.005821,"GeForce GTX 950 (0)","1","7","[CUDA memcpy HtoD]"
592.277881,47.616000,64,1,1,128,1,1,15,16,512,,,"GeForce GTX 950 (0)","1","7","void reduceSinglePass<unsigned int=128, bool=1>(float const *, float*, unsigned int) [581]"
592.335065,0.640000,,,,,,,,,,0.000004,0.005821,"GeForce GTX 950 (0)","1","7","[CUDA memcpy HtoD]"
592.347129,47.776000,64,1,1,128,1,1,15,16,512,,,"GeForce GTX 950 (0)","1","7","void reduceSinglePass<unsigned int=128, bool=1>(float const *, float*, unsigned int) [591]"
592.404313,0.640000,,,,,,,,,,0.000004,0.005821,"GeForce GTX 950 (0)","1","7","[CUDA memcpy HtoD]"
592.416506,47.808000,64,1,1,128,1,1,15,16,512,,,"GeForce GTX 950 (0)","1","7","void reduceSinglePass<unsigned int=128, bool=1>(float const *, float*, unsigned int) [601]"
592.473786,0.608000,,,,,,,,,,0.000004,0.006127,"GeForce GTX 950 (0)","1","7","[CUDA memcpy HtoD]"
592.485850,47.392000,64,1,1,128,1,1,15,16,512,,,"GeForce GTX 950 (0)","1","7","void reduceSinglePass<unsigned int=128, bool=1>(float const *, float*, unsigned int) [611]"
592.542906,0.640000,,,,,,,,,,0.000004,0.005821,"GeForce GTX 950 (0)","1","7","[CUDA memcpy HtoD]"
592.554842,47.584000,64,1,1,128,1,1,15,16,512,,,"GeForce GTX 950 (0)","1","7","void reduceSinglePass<unsigned int=128, bool=1>(float const *, float*, unsigned int) [621]"
592.612058,0.608000,,,,,,,,,,0.000004,0.006127,"GeForce GTX 950 (0)","1","7","[CUDA memcpy HtoD]"
592.623994,47.201000,64,1,1,128,1,1,15,16,512,,,"GeForce GTX 950 (0)","1","7","void reduceSinglePass<unsigned int=128, bool=1>(float const *, float*, unsigned int) [631]"
592.681179,0.608000,,,,,,,,,,0.000004,0.006127,"GeForce GTX 950 (0)","1","7","[CUDA memcpy HtoD]"
592.693371,47.712000,64,1,1,128,1,1,15,16,512,,,"GeForce GTX 950 (0)","1","7","void reduceSinglePass<unsigned int=128, bool=1>(float const *, float*, unsigned int) [641]"
592.750747,0.608000,,,,,,,,,,0.000004,0.006127,"GeForce GTX 950 (0)","1","7","[CUDA memcpy HtoD]"
592.763035,47.488000,64,1,1,128,1,1,15,16,512,,,"GeForce GTX 950 (0)","1","7","void reduceSinglePass<unsigned int=128, bool=1>(float const *, float*, unsigned int) [651]"
592.819931,0.608000,,,,,,,,,,0.000004,0.006127,"GeForce GTX 950 (0)","1","7","[CUDA memcpy HtoD]"
592.831963,46.945000,64,1,1,128,1,1,15,16,512,,,"GeForce GTX 950 (0)","1","7","void reduceSinglePass<unsigned int=128, bool=1>(float const *, float*, unsigned int) [661]"
592.889052,0.608000,,,,,,,,,,0.000004,0.006127,"GeForce GTX 950 (0)","1","7","[CUDA memcpy HtoD]"
592.901148,47.360000,64,1,1,128,1,1,15,16,512,,,"GeForce GTX 950 (0)","1","7","void reduceSinglePass<unsigned int=128, bool=1>(float const *, float*, unsigned int) [671]"
592.958428,0.608000,,,,,,,,,,0.000004,0.006127,"GeForce GTX 950 (0)","1","7","[CUDA memcpy HtoD]"
592.970620,46.944000,64,1,1,128,1,1,15,16,512,,,"GeForce GTX 950 (0)","1","7","void reduceSinglePass<unsigned int=128, bool=1>(float const *, float*, unsigned int) [681]"
593.027836,0.608000,,,,,,,,,,0.000004,0.006127,"GeForce GTX 950 (0)","1","7","[CUDA memcpy HtoD]"
593.040028,46.817000,64,1,1,128,1,1,15,16,512,,,"GeForce GTX 950 (0)","1","7","void reduceSinglePass<unsigned int=128, bool=1>(float const *, float*, unsigned int) [691]"
593.097213,0.640000,,,,,,,,,,0.000004,0.005821,"GeForce GTX 950 (0)","1","7","[CUDA memcpy HtoD]"
593.109213,47.904000,64,1,1,128,1,1,15,16,512,,,"GeForce GTX 950 (0)","1","7","void reduceSinglePass<unsigned int=128, bool=1>(float const *, float*, unsigned int) [701]"
593.166301,0.640000,,,,,,,,,,0.000004,0.005821,"GeForce GTX 950 (0)","1","7","[CUDA memcpy HtoD]"
593.178237,47.648000,64,1,1,128,1,1,15,16,512,,,"GeForce GTX 950 (0)","1","7","void reduceSinglePass<unsigned int=128, bool=1>(float const *, float*, unsigned int) [711]"
593.235965,0.608000,,,,,,,,,,0.000004,0.006127,"GeForce GTX 950 (0)","1","7","[CUDA memcpy HtoD]"
593.247901,47.169000,64,1,1,128,1,1,15,16,512,,,"GeForce GTX 950 (0)","1","7","void reduceSinglePass<unsigned int=128, bool=1>(float const *, float*, unsigned int) [721]"
593.305246,0.608000,,,,,,,,,,0.000004,0.006127,"GeForce GTX 950 (0)","1","7","[CUDA memcpy HtoD]"
593.317566,47.776000,64,1,1,128,1,1,15,16,512,,,"GeForce GTX 950 (0)","1","7","void reduceSinglePass<unsigned int=128, bool=1>(float const *, float*, unsigned int) [731]"
593.374782,0.608000,,,,,,,,,,0.000004,0.006127,"GeForce GTX 950 (0)","1","7","[CUDA memcpy HtoD]"
593.386718,46.944000,64,1,1,128,1,1,15,16,512,,,"GeForce GTX 950 (0)","1","7","void reduceSinglePass<unsigned int=128, bool=1>(float const *, float*, unsigned int) [741]"
593.443742,0.608000,,,,,,,,,,0.000004,0.006127,"GeForce GTX 950 (0)","1","7","[CUDA memcpy HtoD]"
593.455806,47.168000,64,1,1,128,1,1,15,16,512,,,"GeForce GTX 950 (0)","1","7","void reduceSinglePass<unsigned int=128, bool=1>(float const *, float*, unsigned int) [751]"
593.512831,0.640000,,,,,,,,,,0.000004,0.005821,"GeForce GTX 950 (0)","1","7","[CUDA memcpy HtoD]"
593.524799,47.776000,64,1,1,128,1,1,15,16,512,,,"GeForce GTX 950 (0)","1","7","void reduceSinglePass<unsigned int=128, bool=1>(float const *, float*, unsigned int) [761]"
593.581983,0.608000,,,,,,,,,,0.000004,0.006127,"GeForce GTX 950 (0)","1","7","[CUDA memcpy HtoD]"
593.594047,46.944000,64,1,1,128,1,1,15,16,512,,,"GeForce GTX 950 (0)","1","7","void reduceSinglePass<unsigned int=128, bool=1>(float const *, float*, unsigned int) [771]"
593.651231,0.608000,,,,,,,,,,0.000004,0.006127,"GeForce GTX 950 (0)","1","7","[CUDA memcpy HtoD]"
593.666879,47.232000,64,1,1,128,1,1,15,16,512,,,"GeForce GTX 950 (0)","1","7","void reduceSinglePass<unsigned int=128, bool=1>(float const *, float*, unsigned int) [781]"
593.724448,0.608000,,,,,,,,,,0.000004,0.006127,"GeForce GTX 950 (0)","1","7","[CUDA memcpy HtoD]"
593.736512,47.136000,64,1,1,128,1,1,15,16,512,,,"GeForce GTX 950 (0)","1","7","void reduceSinglePass<unsigned int=128, bool=1>(float const *, float*, unsigned int) [791]"
593.793696,0.608000,,,,,,,,,,0.000004,0.006127,"GeForce GTX 950 (0)","1","7","[CUDA memcpy HtoD]"
593.805824,47.936000,64,1,1,128,1,1,15,16,512,,,"GeForce GTX 950 (0)","1","7","void reduceSinglePass<unsigned int=128, bool=1>(float const *, float*, unsigned int) [801]"
593.862976,0.608000,,,,,,,,,,0.000004,0.006127,"GeForce GTX 950 (0)","1","7","[CUDA memcpy HtoD]"
593.875008,47.008000,64,1,1,128,1,1,15,16,512,,,"GeForce GTX 950 (0)","1","7","void reduceSinglePass<unsigned int=128, bool=1>(float const *, float*, unsigned int) [811]"
593.932160,0.640000,,,,,,,,,,0.000004,0.005821,"GeForce GTX 950 (0)","1","7","[CUDA memcpy HtoD]"
593.944065,47.392000,64,1,1,128,1,1,15,16,512,,,"GeForce GTX 950 (0)","1","7","void reduceSinglePass<unsigned int=128, bool=1>(float const *, float*, unsigned int) [821]"
594.001441,0.608000,,,,,,,,,,0.000004,0.006127,"GeForce GTX 950 (0)","1","7","[CUDA memcpy HtoD]"
594.013409,48.032000,64,1,1,128,1,1,15,16,512,,,"GeForce GTX 950 (0)","1","7","void reduceSinglePass<unsigned int=128, bool=1>(float const *, float*, unsigned int) [831]"
594.070497,0.640000,,,,,,,,,,0.000004,0.005821,"GeForce GTX 950 (0)","1","7","[CUDA memcpy HtoD]"
594.082721,46.752000,64,1,1,128,1,1,15,16,512,,,"GeForce GTX 950 (0)","1","7","void reduceSinglePass<unsigned int=128, bool=1>(float const *, float*, unsigned int) [841]"
594.139713,0.608000,,,,,,,,,,0.000004,0.006127,"GeForce GTX 950 (0)","1","7","[CUDA memcpy HtoD]"
594.151681,47.553000,64,1,1,128,1,1,15,16,512,,,"GeForce GTX 950 (0)","1","7","void reduceSinglePass<unsigned int=128, bool=1>(float const *, float*, unsigned int) [851]"
594.208738,0.608000,,,,,,,,,,0.000004,0.006127,"GeForce GTX 950 (0)","1","7","[CUDA memcpy HtoD]"
594.220610,46.720000,64,1,1,128,1,1,15,16,512,,,"GeForce GTX 950 (0)","1","7","void reduceSinglePass<unsigned int=128, bool=1>(float const *, float*, unsigned int) [861]"
594.276610,0.640000,,,,,,,,,,0.000004,0.005821,"GeForce GTX 950 (0)","1","7","[CUDA memcpy HtoD]"
594.288674,47.456000,64,1,1,128,1,1,15,16,512,,,"GeForce GTX 950 (0)","1","7","void reduceSinglePass<unsigned int=128, bool=1>(float const *, float*, unsigned int) [871]"
594.345762,0.608000,,,,,,,,,,0.000004,0.006127,"GeForce GTX 950 (0)","1","7","[CUDA memcpy HtoD]"
594.357922,47.393000,64,1,1,128,1,1,15,16,512,,,"GeForce GTX 950 (0)","1","7","void reduceSinglePass<unsigned int=128, bool=1>(float const *, float*, unsigned int) [881]"
594.415843,0.608000,,,,,,,,,,0.000004,0.006127,"GeForce GTX 950 (0)","1","7","[CUDA memcpy HtoD]"
594.428419,47.136000,64,1,1,128,1,1,15,16,512,,,"GeForce GTX 950 (0)","1","7","void reduceSinglePass<unsigned int=128, bool=1>(float const *, float*, unsigned int) [891]"
594.485827,0.608000,,,,,,,,,,0.000004,0.006127,"GeForce GTX 950 (0)","1","7","[CUDA memcpy HtoD]"
594.497987,47.392000,64,1,1,128,1,1,15,16,512,,,"GeForce GTX 950 (0)","1","7","void reduceSinglePass<unsigned int=128, bool=1>(float const *, float*, unsigned int) [901]"
594.555107,0.608000,,,,,,,,,,0.000004,0.006127,"GeForce GTX 950 (0)","1","7","[CUDA memcpy HtoD]"
594.567139,47.297000,64,1,1,128,1,1,15,16,512,,,"GeForce GTX 950 (0)","1","7","void reduceSinglePass<unsigned int=128, bool=1>(float const *, float*, unsigned int) [911]"
594.624228,0.608000,,,,,,,,,,0.000004,0.006127,"GeForce GTX 950 (0)","1","7","[CUDA memcpy HtoD]"
594.636324,47.712000,64,1,1,128,1,1,15,16,512,,,"GeForce GTX 950 (0)","1","7","void reduceSinglePass<unsigned int=128, bool=1>(float const *, float*, unsigned int) [921]"
594.693636,0.608000,,,,,,,,,,0.000004,0.006127,"GeForce GTX 950 (0)","1","7","[CUDA memcpy HtoD]"
594.705796,47.712000,64,1,1,128,1,1,15,16,512,,,"GeForce GTX 950 (0)","1","7","void reduceSinglePass<unsigned int=128, bool=1>(float const *, float*, unsigned int) [931]"
594.763012,0.704000,,,,,,,,,,0.000004,0.005292,"GeForce GTX 950 (0)","1","7","[CUDA memcpy HtoD]"
594.774948,47.681000,64,1,1,128,1,1,15,16,512,,,"GeForce GTX 950 (0)","1","7","void reduceSinglePass<unsigned int=128, bool=1>(float const *, float*, unsigned int) [941]"
594.832101,0.608000,,,,,,,,,,0.000004,0.006127,"GeForce GTX 950 (0)","1","7","[CUDA memcpy HtoD]"
594.844069,47.520000,64,1,1,128,1,1,15,16,512,,,"GeForce GTX 950 (0)","1","7","void reduceSinglePass<unsigned int=128, bool=1>(float const *, float*, unsigned int) [951]"
594.901221,0.640000,,,,,,,,,,0.000004,0.005821,"GeForce GTX 950 (0)","1","7","[CUDA memcpy HtoD]"
594.913285,47.552000,64,1,1,128,1,1,15,16,512,,,"GeForce GTX 950 (0)","1","7","void reduceSinglePass<unsigned int=128, bool=1>(float const *, float*, unsigned int) [961]"
594.970341,0.608000,,,,,,,,,,0.000004,0.006127,"GeForce GTX 950 (0)","1","7","[CUDA memcpy HtoD]"
594.982309,46.944000,64,1,1,128,1,1,15,16,512,,,"GeForce GTX 950 (0)","1","7","void reduceSinglePass<unsigned int=128, bool=1>(float const *, float*, unsigned int) [971]"
595.039558,0.608000,,,,,,,,,,0.000004,0.006127,"GeForce GTX 950 (0)","1","7","[CUDA memcpy HtoD]"
595.051494,47.936000,64,1,1,128,1,1,15,16,512,,,"GeForce GTX 950 (0)","1","7","void reduceSinglePass<unsigned int=128, bool=1>(float const *, float*, unsigned int) [981]"
595.108774,0.640000,,,,,,,,,,0.000004,0.005821,"GeForce GTX 950 (0)","1","7","[CUDA memcpy HtoD]"
595.120838,47.072000,64,1,1,128,1,1,15,16,512,,,"GeForce GTX 950 (0)","1","7","void reduceSinglePass<unsigned int=128, bool=1>(float const *, float*, unsigned int) [991]"
595.178182,0.608000,,,,,,,,,,0.000004,0.006127,"GeForce GTX 950 (0)","1","7","[CUDA memcpy HtoD]"
595.190310,46.880000,64,1,1,128,1,1,15,16,512,,,"GeForce GTX 950 (0)","1","7","void reduceSinglePass<unsigned int=128, bool=1>(float const *, float*, unsigned int) [1001]"
595.246246,0.608000,,,,,,,,,,0.000004,0.006127,"GeForce GTX 950 (0)","1","7","[CUDA memcpy HtoD]"
595.258279,47.520000,64,1,1,128,1,1,15,16,512,,,"GeForce GTX 950 (0)","1","7","void reduceSinglePass<unsigned int=128, bool=1>(float const *, float*, unsigned int) [1011]"
595.315239,0.608000,,,,,,,,,,0.000004,0.006127,"GeForce GTX 950 (0)","1","7","[CUDA memcpy HtoD]"
595.327335,47.584000,64,1,1,128,1,1,15,16,512,,,"GeForce GTX 950 (0)","1","7","void reduceSinglePass<unsigned int=128, bool=1>(float const *, float*, unsigned int) [1021]"
595.384455,0.608000,,,,,,,,,,0.000004,0.006127,"GeForce GTX 950 (0)","1","7","[CUDA memcpy HtoD]"
595.396359,47.424000,64,1,1,128,1,1,15,16,512,,,"GeForce GTX 950 (0)","1","7","void reduceSinglePass<unsigned int=128, bool=1>(float const *, float*, unsigned int) [1031]"
595.453543,0.608000,,,,,,,,,,0.000004,0.006127,"GeForce GTX 950 (0)","1","7","[CUDA memcpy HtoD]"
595.465607,47.297000,64,1,1,128,1,1,15,16,512,,,"GeForce GTX 950 (0)","1","7","void reduceSinglePass<unsigned int=128, bool=1>(float const *, float*, unsigned int) [1041]"
595.522856,0.608000,,,,,,,,,,0.000004,0.006127,"GeForce GTX 950 (0)","1","7","[CUDA memcpy HtoD]"
595.534664,48.000000,64,1,1,128,1,1,15,16,512,,,"GeForce GTX 950 (0)","1","7","void reduceSinglePass<unsigned int=128, bool=1>(float const *, float*, unsigned int) [1051]"
595.591880,0.608000,,,,,,,,,,0.000004,0.006127,"GeForce GTX 950 (0)","1","7","[CUDA memcpy HtoD]"
595.603848,47.424000,64,1,1,128,1,1,15,16,512,,,"GeForce GTX 950 (0)","1","7","void reduceSinglePass<unsigned int=128, bool=1>(float const *, float*, unsigned int) [1061]"
595.661032,0.576000,,,,,,,,,,0.000004,0.006468,"GeForce GTX 950 (0)","1","7","[CUDA memcpy HtoD]"
595.672936,47.649000,64,1,1,128,1,1,15,16,512,,,"GeForce GTX 950 (0)","1","7","void reduceSinglePass<unsigned int=128, bool=1>(float const *, float*, unsigned int) [1071]"
595.730153,0.608000,,,,,,,,,,0.000004,0.006127,"GeForce GTX 950 (0)","1","7","[CUDA memcpy HtoD]"
595.742537,47.296000,64,1,1,128,1,1,15,16,512,,,"GeForce GTX 950 (0)","1","7","void reduceSinglePass<unsigned int=128, bool=1>(float const *, float*, unsigned int) [1081]"
595.799529,0.608000,,,,,,,,,,0.000004,0.006127,"GeForce GTX 950 (0)","1","7","[CUDA memcpy HtoD]"
595.811625,47.552000,64,1,1,128,1,1,15,16,512,,,"GeForce GTX 950 (0)","1","7","void reduceSinglePass<unsigned int=128, bool=1>(float const *, float*, unsigned int) [1091]"
595.868681,0.640000,,,,,,,,,,0.000004,0.005821,"GeForce GTX 950 (0)","1","7","[CUDA memcpy HtoD]"
595.880681,47.489000,64,1,1,128,1,1,15,16,512,,,"GeForce GTX 950 (0)","1","7","void reduceSinglePass<unsigned int=128, bool=1>(float const *, float*, unsigned int) [1101]"
595.937866,0.608000,,,,,,,,,,0.000004,0.006127,"GeForce GTX 950 (0)","1","7","[CUDA memcpy HtoD]"
595.949802,47.392000,64,1,1,128,1,1,15,16,512,,,"GeForce GTX 950 (0)","1","7","void reduceSinglePass<unsigned int=128, bool=1>(float const *, float*, unsigned int) [1111]"
596.007146,0.608000,,,,,,,,,,0.000004,0.006127,"GeForce GTX 950 (0)","1","7","[CUDA memcpy HtoD]"
596.019242,47.840000,64,1,1,128,1,1,15,16,512,,,"GeForce GTX 950 (0)","1","7","void reduceSinglePass<unsigned int=128, bool=1>(float const *, float*, unsigned int) [1121]"
596.076490,0.640000,,,,,,,,,,0.000004,0.005821,"GeForce GTX 950 (0)","1","7","[CUDA memcpy HtoD]"
596.088554,46.913000,64,1,1,128,1,1,15,16,512,,,"GeForce GTX 950 (0)","1","7","void reduceSinglePass<unsigned int=128, bool=1>(float const *, float*, unsigned int) [1131]"
596.145707,0.608000,,,,,,,,,,0.000004,0.006127,"GeForce GTX 950 (0)","1","7","[CUDA memcpy HtoD]"
596.157643,47.584000,64,1,1,128,1,1,15,16,512,,,"GeForce GTX 950 (0)","1","7","void reduceSinglePass<unsigned int=128, bool=1>(float const *, float*, unsigned int) [1141]"
596.216011,0.608000,,,,,,,,,,0.000004,0.006127,"GeForce GTX 950 (0)","1","7","[CUDA memcpy HtoD]"
596.228619,46.848000,64,1,1,128,1,1,15,16,512,,,"GeForce GTX 950 (0)","1","7","void reduceSinglePass<unsigned int=128, bool=1>(float const *, float*, unsigned int) [1151]"
596.284651,0.608000,,,,,,,,,,0.000004,0.006127,"GeForce GTX 950 (0)","1","7","[CUDA memcpy HtoD]"
596.296843,47.169000,64,1,1,128,1,1,15,16,512,,,"GeForce GTX 950 (0)","1","7","void reduceSinglePass<unsigned int=128, bool=1>(float const *, float*, unsigned int) [1161]"
596.354028,0.608000,,,,,,,,,,0.000004,0.006127,"GeForce GTX 950 (0)","1","7","[CUDA memcpy HtoD]"
596.366028,47.648000,64,1,1,128,1,1,15,16,512,,,"GeForce GTX 950 (0)","1","7","void reduceSinglePass<unsigned int=128, bool=1>(float const *, float*, unsigned int) [1171]"
596.423084,0.608000,,,,,,,,,,0.000004,0.006127,"GeForce GTX 950 (0)","1","7","[CUDA memcpy HtoD]"
596.434988,47.136000,64,1,1,128,1,1,15,16,512,,,"GeForce GTX 950 (0)","1","7","void reduceSinglePass<unsigned int=128, bool=1>(float const *, float*, unsigned int) [1181]"
596.492140,0.608000,,,,,,,,,,0.000004,0.006127,"GeForce GTX 950 (0)","1","7","[CUDA memcpy HtoD]"
596.504044,46.912000,64,1,1,128,1,1,15,16,512,,,"GeForce GTX 950 (0)","1","7","void reduceSinglePass<unsigned int=128, bool=1>(float const *, float*, unsigned int) [1191]"
596.561229,0.640000,,,,,,,,,,0.000004,0.005821,"GeForce GTX 950 (0)","1","7","[CUDA memcpy HtoD]"
596.573325,48.160000,64,1,1,128,1,1,15,16,512,,,"GeForce GTX 950 (0)","1","7","void reduceSinglePass<unsigned int=128, bool=1>(float const *, float*, unsigned int) [1201]"
596.631789,0.640000,,,,,,,,,,0.000004,0.005821,"GeForce GTX 950 (0)","1","7","[CUDA memcpy HtoD]"
596.643821,47.520000,64,1,1,128,1,1,15,16,512,,,"GeForce GTX 950 (0)","1","7","void reduceSinglePass<unsigned int=128, bool=1>(float const *, float*, unsigned int) [1211]"
596.701101,1.472000,,,,,,,,,,0.000004,0.002531,"GeForce GTX 950 (0)","1","7","[CUDA memcpy DtoH]"
